state,st_fips,year,n_deaths,pop,crude_rate,crude_lower,crude_upper,crude_se
Alabama,01,1999,169,4430141,3.814777001,3.239626007,4.389927996,0.293444385
Alabama,01,2000,197,4447100,4.429853163,3.811249782,5.048456543,0.31561397
Alabama,01,2001,216,4467634,4.834773842,4.190003045,5.47954464,0.328964693
Alabama,01,2002,211,4480089,4.709727865,4.074235031,5.345220698,0.324231037
Alabama,01,2003,197,4503491,4.374384228,3.763526763,4.985241692,0.311661972
Alabama,01,2004,283,4530729,6.246235429,5.518487124,6.973983735,0.371300156
Alabama,01,2005,283,4569805,6.19282442,5.471299026,6.914349814,0.368125201
Alabama,01,2006,398,4628981,8.598004615,7.753285719,9.442723511,0.430979029
Alabama,01,2007,511,4672840,10.935533851,9.98736516,11.883702542,0.483759536
Alabama,01,2008,607,4718206,12.865059304,11.841593072,13.888525537,0.522176649
Alabama,01,2009,630,4757938,13.241030043,12.207060925,14.274999161,0.527535264
Alabama,01,2010,547,4779736,11.444146706,10.485086603,12.403206809,0.489316379
Alabama,01,2011,552,4802740,11.493439162,10.534620377,12.452257946,0.489193257
Alabama,01,2012,562,4822023,11.654859382,10.691263464,12.6184553,0.49163057
Alabama,01,2013,598,4833722,12.37141896,11.379845272,13.362992648,0.505904943
Alabama,01,2014,723,4849377,14.909131627,13.822357547,15.995905706,0.554476571
Alabama,01,2015,736,4858979,15.147215084,14.052880923,16.241549245,0.558333756
Alabama,01,2016,756,4863300,15.545000308,14.436882566,16.653118051,0.565366195
Alabama,01,2017,835,4874747,17.129094084,15.967251666,18.290936503,0.592776744
Alabama,01,2018,775,4887871,15.85557393,14.739257833,16.971890026,0.569549029
Alabama,01,2019,768,4903185,15.66328825,14.555495799,16.771080702,0.565200231
Alaska,02,1999,46,624779,7.362603417,5.390382839,9.820682193,1.08555665
Alaska,02,2000,48,626932,7.656332744,5.645167259,10.151148769,1.105096443
Alaska,02,2001,62,633714,9.78359323,7.500983093,12.542077341,1.242517583
Alaska,02,2002,84,642337,13.077247613,10.430935786,16.190547952,1.426844692
Alaska,02,2003,83,648414,12.800463901,10.195441493,15.868095075,1.405033448
Alaska,02,2004,86,659286,13.044414715,10.433835998,16.109721729,1.406615414
Alaska,02,2005,79,666946,11.84503693,9.377834187,14.762469525,1.332670774
Alaska,02,2006,76,675302,11.254224036,8.867090576,14.086349515,1.290948033
Alaska,02,2007,72,680300,10.583566074,8.281005439,13.328202264,1.247285223
Alaska,02,2008,127,687455,18.473936476,15.26091479,21.686958162,1.639296779
Alaska,02,2009,131,698895,18.743874259,15.534060859,21.953687658,1.637659898
Alaska,02,2010,83,710231,11.68633867,9.308051887,14.486969732,1.282742316
Alaska,02,2011,107,722718,14.8052214,11.99992284,17.61051996,1.431274776
Alaska,02,2012,129,731449,17.636226176,14.592771237,20.679681114,1.552783132
Alaska,02,2013,105,735132,14.283149149,11.551119595,17.015178703,1.39389263
Alaska,02,2014,124,736732,16.831086474,13.868593152,19.793579796,1.511476185
Alaska,02,2015,122,738432,16.521494193,13.58975402,19.453234366,1.495785802
Alaska,02,2016,128,741894,17.253138589,14.264184822,20.242092355,1.524976412
Alaska,02,2017,147,739795,19.870369494,16.658163805,23.082575184,1.638880454
Alaska,02,2018,110,737438,14.916508235,12.128931053,17.704085418,1.422233256
Alaska,02,2019,132,731545,18.044002761,14.965766211,21.122239312,1.570528852
Arizona,04,1999,511,5023823,10.171536696,9.289610604,11.053462788,0.449962292
Arizona,04,2000,522,5130632,10.174185169,9.301373674,11.046996664,0.445311987
Arizona,04,2001,552,5273477,10.46747715,9.594247338,11.340706962,0.445525414
Arizona,04,2002,624,5396255,11.563575109,10.656264681,12.470885537,0.462913483
Arizona,04,2003,674,5510364,12.231496867,11.308063142,13.154930592,0.471139656
Arizona,04,2004,744,5652404,13.162541106,12.216719253,14.108362959,0.48256217
Arizona,04,2005,794,5839077,13.598039553,12.652189875,14.543889231,0.482576366
Arizona,04,2006,876,6029141,14.529432966,13.567261033,15.491604898,0.490904047
Arizona,04,2007,943,6167681,15.289376996,14.313511384,16.265242608,0.497890618
Arizona,04,2008,828,6280362,13.183953409,12.285932264,14.081974554,0.458174053
Arizona,04,2009,1002,6343154,15.79655799,14.818454797,16.774661183,0.499032241
Arizona,04,2010,1098,6392017,17.177676467,16.161616548,18.193736387,0.518397918
Arizona,04,2011,1071,6482505,16.521391036,15.531908927,17.510873146,0.504837811
Arizona,04,2012,1134,6553255,17.304377748,16.297201371,18.311554125,0.513865499
Arizona,04,2013,1222,6626624,18.440762597,17.406813054,19.474712139,0.527525277
Arizona,04,2014,1211,6731484,17.990089555,16.976837893,19.003341218,0.516965134
Arizona,04,2015,1274,6828065,18.658287524,17.633713977,19.68286107,0.522741605
Arizona,04,2016,1382,6931071,19.93919843,18.887939385,20.990457474,0.536356655
Arizona,04,2017,1532,7016270,21.834963592,20.741563362,22.928363822,0.55785726
Arizona,04,2018,1670,7171646,23.286146583,22.169295004,24.402998163,0.569822234
Arizona,04,2019,1907,7278717,26.199672277,25.023755508,27.375589047,0.599957535
Arkansas,05,1999,113,2651860,4.261160091,3.475481896,5.046838287,0.400856222
Arkansas,05,2000,140,2673400,5.236777138,4.36930378,6.104250496,0.442588448
Arkansas,05,2001,126,2691571,4.681280932,3.863879294,5.49868257,0.417041652
Arkansas,05,2002,176,2705927,6.504240506,5.543300379,7.465180633,0.490275575
Arkansas,05,2003,184,2724816,6.752749544,5.777023713,7.728475374,0.497819301
Arkansas,05,2004,230,2749686,8.364591448,7.283563587,9.445619309,0.551544827
Arkansas,05,2005,269,2781097,9.672442205,8.516553354,10.828331056,0.58973921
Arkansas,05,2006,285,2821761,10.100075804,8.927453164,11.272698443,0.598276857
Arkansas,05,2007,301,2848650,10.56640865,9.372694817,11.760122482,0.60903767
Arkansas,05,2008,360,2874554,12.523681935,11.229972188,13.817391682,0.660055993
Arkansas,05,2009,351,2896843,12.116638699,10.849031576,13.384245823,0.646738328
Arkansas,05,2010,350,2915918,12.003081019,10.74556135,13.260600689,0.641591668
Arkansas,05,2011,355,2937979,12.08313606,10.826175762,13.340096359,0.641306275
Arkansas,05,2012,373,2949131,12.647793537,11.364232802,13.931354271,0.654877926
Arkansas,05,2013,319,2959373,10.779310347,9.59640034,11.962220354,0.603525514
Arkansas,05,2014,356,2966369,12.001204166,10.75452157,13.247886761,0.636062549
Arkansas,05,2015,392,2978204,13.162295128,11.859294388,14.465295868,0.664796296
Arkansas,05,2016,401,2988248,13.41923428,12.105790101,14.73267846,0.670124581
Arkansas,05,2017,446,3004279,14.845492047,13.467701379,16.223282714,0.702954422
Arkansas,05,2018,444,3013825,14.732109529,13.361765772,16.102453285,0.699154978
Arkansas,05,2019,388,3017804,12.857031139,11.577706087,14.136356191,0.652716863
California,06,1999,2662,33499204,7.946457474,7.644583544,8.248331404,0.154017311
California,06,2000,1941,33871648,5.730456339,5.47551955,5.985393128,0.13006979
California,06,2001,1226,34479458,3.555740348,3.356700113,3.754780584,0.10155114
California,06,2002,2975,34871843,8.531238226,8.224671754,8.837804697,0.156411465
California,06,2003,3108,35253159,8.816231192,8.506276271,9.126186114,0.158140266
California,06,2004,3125,35574576,8.784363305,8.476369948,9.092356662,0.157139468
California,06,2005,3214,35827943,8.970651762,8.660512226,9.280791298,0.158234457
California,06,2006,3494,36021202,9.699842887,9.378210835,10.021474939,0.164097985
California,06,2007,3854,36250311,10.631632926,10.295972463,10.967293389,0.171255338
California,06,2008,3863,36604337,10.55339426,10.220592297,10.886196224,0.16979692
California,06,2009,4056,36961229,10.973661076,10.635939629,11.311382523,0.172306861
California,06,2010,4057,37253956,10.890118623,10.555009556,11.225227689,0.170974013
California,06,2011,4180,37691912,11.08991234,10.753713629,11.426111051,0.171529954
California,06,2012,4040,38041430,10.620000352,10.292516478,10.947484227,0.167083609
California,06,2013,4452,38332521,11.614159163,11.272992752,11.955325574,0.174064495
California,06,2014,4521,38802500,11.651311127,11.311675205,11.990947049,0.173283634
California,06,2015,4659,39144818,11.901958517,11.560193074,12.243723961,0.174370124
California,06,2016,4654,39250017,11.857319705,11.516653218,12.197986192,0.173809432
California,06,2017,4868,39536653,12.312625452,11.966740669,12.658510234,0.176471828
California,06,2018,5348,39557045,13.519715641,13.157365922,13.88206536,0.184872306
California,06,2019,6198,39512223,15.686285229,15.295758833,16.076811624,0.199248161
Colorado,08,1999,349,4226018,8.258365203,7.391927301,9.124803106,0.442060154
Colorado,08,2000,352,4301261,8.18364661,7.328714543,9.038578676,0.43618983
Colorado,08,2001,411,4425687,9.286693795,8.388859301,10.184528288,0.458078823
Colorado,08,2002,448,4490406,9.976826149,9.052959119,10.900693179,0.47136073
Colorado,08,2003,502,4528732,11.084780464,10.115094054,12.054466874,0.494737964
Colorado,08,2004,518,4575013,11.322372199,10.34731831,12.297426088,0.497476474
Colorado,08,2005,608,4631888,13.126396839,12.082999291,14.169794386,0.532345687
Colorado,08,2006,627,4720423,13.282707927,12.24300582,14.322410034,0.530460259
Colorado,08,2007,734,4803868,15.279354054,14.173970406,16.384737702,0.563971249
Colorado,08,2008,749,4889730,15.317819184,14.220805358,16.41483301,0.559700932
Colorado,08,2009,769,4972195,15.466006462,14.372878286,16.559134638,0.557718457
Colorado,08,2010,654,5029196,13.004066654,12.007408133,14.000725175,0.508499245
Colorado,08,2011,843,5116796,16.475153592,15.362982107,17.587325078,0.567434431
Colorado,08,2012,807,5187582,15.556380603,14.483063959,16.629697247,0.547610533
Colorado,08,2013,846,5268367,16.05810681,14.976012204,17.140201416,0.552089085
Colorado,08,2014,899,5355866,16.785334062,15.688082483,17.882585641,0.559822234
Colorado,08,2015,869,5456574,15.925743883,14.866865919,16.984621846,0.540243859
Colorado,08,2016,942,5540545,17.001937535,15.91618954,18.08768553,0.553953059
Colorado,08,2017,1015,5607154,18.101874855,16.988230273,19.215519436,0.568186011
Colorado,08,2018,995,5695564,17.469736096,16.384233478,18.555238715,0.553827867
Colorado,08,2019,1079,5758736,18.736750565,17.618756175,19.854744954,0.570405301
Connecticut,09,1999,310,3386401,9.154261412,8.135204276,10.173318548,0.51992711
Connecticut,09,2000,320,3405565,9.396385034,8.366848206,10.425921863,0.525273892
Connecticut,09,2001,307,3432835,8.943045617,7.942648734,9.943442499,0.510406573
Connecticut,09,2002,354,3458749,10.234914416,9.168714471,11.301114361,0.543979564
Connecticut,09,2003,307,3484336,8.81086095,7.825250656,9.796471245,0.502862395
Connecticut,09,2004,333,3496094,9.52491552,8.501869696,10.547961344,0.521962155
Connecticut,09,2005,295,3506956,8.411853471,7.451929664,9.371777277,0.489757044
Connecticut,09,2006,407,3517460,11.57084942,10.446699824,12.694999015,0.573545712
Connecticut,09,2007,433,3527270,12.275782687,11.119507211,13.432058164,0.589936468
Connecticut,09,2008,386,3545579,10.886797333,9.80071548,11.972879186,0.554123394
Connecticut,09,2009,393,3561807,11.033725297,9.942832778,12.124617816,0.556577816
Connecticut,09,2010,363,3574097,10.156411536,9.111587755,11.201235317,0.533073358
Connecticut,09,2011,402,3580709,11.226826866,10.129338134,12.324315598,0.559943231
Connecticut,09,2012,439,3590347,12.227230404,11.083425624,13.371035184,0.583573867
Connecticut,09,2013,582,3596080,16.18428956,14.869403203,17.499175916,0.670860386
Connecticut,09,2014,623,3596677,17.321544303,15.961357187,18.68173142,0.693973019
Connecticut,09,2015,800,3590886,22.278624273,20.734794375,23.82245417,0.787668315
Connecticut,09,2016,971,3576452,27.14981216,25.442105447,28.857518873,0.871278935
Connecticut,09,2017,1072,3588184,29.875836914,28.08737886,31.664294967,0.912478599
Connecticut,09,2018,1069,3572665,29.921641128,28.127929479,31.715352777,0.915159004
Connecticut,09,2019,1214,3565287,34.050554696,32.135104258,35.966005134,0.977270632
Delaware,10,1999,50,774990,6.451696151,4.788577917,8.505787171,0.91240762
Delaware,10,2000,55,783600,7.018887187,5.287608474,9.136064319,0.946426555
Delaware,10,2001,64,795699,8.043242482,6.1942619,10.271059785,1.00540531
Delaware,10,2002,84,806169,10.419651463,8.311130793,12.900257886,1.13687718
Delaware,10,2003,77,818003,9.413168411,7.428684247,11.764860276,1.072730098
Delaware,10,2004,63,830803,7.583025097,5.827023976,9.7019498,0.955371362
Delaware,10,2005,62,845150,7.335975862,5.624419334,9.404354257,0.931669866
Delaware,10,2006,78,859268,9.077493867,7.175395802,11.329166221,1.027823783
Delaware,10,2007,97,871749,11.127056068,9.023263577,13.574118238,1.129781371
Delaware,10,2008,124,883874,14.029148951,11.559833607,16.498464295,1.259854767
Delaware,10,2009,136,891730,15.251253182,12.687996206,17.814510157,1.307784171
Delaware,10,2010,145,897934,16.148180156,13.519754751,18.776605561,1.34103337
Delaware,10,2011,160,907135,17.637948045,14.904919681,20.37097641,1.394402227
Delaware,10,2012,141,917092,15.374684328,12.83691162,17.912457037,1.294781994
Delaware,10,2013,166,925749,17.931426337,15.203599085,20.659253589,1.391748598
Delaware,10,2014,189,935614,20.200638297,17.320653059,23.080623536,1.469380224
Delaware,10,2015,198,945934,20.931692909,18.016093653,23.847292165,1.487550641
Delaware,10,2016,282,952065,29.619826377,26.162709792,33.076942963,1.763834993
Delaware,10,2017,338,961939,35.13736318,31.391370807,38.883355553,1.911220598
Delaware,10,2018,401,967171,41.46112735,37.403006354,45.519248345,2.070469896
Delaware,10,2019,435,973764,44.672014985,40.473970995,48.870058976,2.141859179
District of Columbia,11,1999,48,570213,8.417906993,6.206691184,11.160881986,1.215020217
District of Columbia,11,2000,76,572059,13.285342945,10.467388853,16.628599498,1.523933351
District of Columbia,11,2001,93,574504,16.187876847,13.065721039,19.831282289,1.678604633
District of Columbia,11,2002,61,573158,10.642789597,8.140882619,13.671088949,1.362669574
District of Columbia,11,2003,103,568502,18.117790263,14.618800379,21.616780146,1.78519892
District of Columbia,11,2004,87,567754,15.323538011,12.273541006,18.901584137,1.642855718
District of Columbia,11,2005,77,567136,13.576990351,10.714689246,16.968929851,1.547241647
District of Columbia,11,2006,101,570681,17.69815361,14.246530686,21.149776533,1.761032104
District of Columbia,11,2007,61,574404,10.619703205,8.123223376,13.641433556,1.359713664
District of Columbia,11,2008,56,580236,9.651245355,7.290454229,12.532914193,1.28970191
District of Columbia,11,2009,26,592228,4.390201071,2.867811046,6.432654316,0.860989267
District of Columbia,11,2010,78,601723,12.962775231,10.246555309,16.178191626,1.467745269
District of Columbia,11,2011,86,617996,13.915947676,11.130949068,17.18605622,1.50059523
District of Columbia,11,2012,77,632323,12.177320768,9.610098004,15.219580816,1.387734495
District of Columbia,11,2013,102,646449,15.778506889,12.716389123,18.840624656,1.562304983
District of Columbia,11,2014,96,658893,14.569892228,11.801612705,17.792315292,1.487033399
District of Columbia,11,2015,125,672228,18.594881499,15.335055044,21.854707953,1.663176763
District of Columbia,11,2016,269,681170,39.490875993,34.771585631,44.210166354,2.407801205
District of Columbia,11,2017,310,693972,44.67039016,39.69765912,49.643121199,2.537107673
District of Columbia,11,2018,254,702455,36.158899858,31.71202998,40.605769737,2.268811162
District of Columbia,11,2019,311,705749,44.06665826,39.169028012,48.964288507,2.498790942
Florida,12,1999,997,15759421,6.326374554,5.933672301,6.719076807,0.200358292
Florida,12,2000,1159,15982378,7.251736882,6.834236967,7.669236797,0.213010161
Florida,12,2001,1746,16356966,10.674351221,10.173653702,11.175048741,0.255457918
Florida,12,2002,1927,16689370,11.546271669,11.030738057,12.06180528,0.263027353
Florida,12,2003,2054,17004085,12.07945032,11.557050494,12.601850146,0.266530524
Florida,12,2004,2264,17415318,13.000049726,12.464545536,13.535553917,0.273216424
Florida,12,2005,2371,17842038,13.288840658,12.753934758,13.823746558,0.272911174
Florida,12,2006,2591,18166990,14.262131481,13.712961486,14.811301476,0.280188773
Florida,12,2007,2794,18367842,15.211367781,14.647326179,15.775409383,0.287776327
Florida,12,2008,2963,18527305,15.992611985,15.416761621,16.56846235,0.293801206
Florida,12,2009,3092,18652644,16.576738397,15.992439034,17.16103776,0.29811192
Florida,12,2010,3061,18801310,16.280780435,15.704014468,16.857546402,0.29426835
Florida,12,2011,2918,19057542,15.311523385,14.755962285,15.867084486,0.283449541
Florida,12,2012,2597,19317568,13.44372128,12.926662882,13.960779678,0.263805305
Florida,12,2013,2474,19552860,12.652880448,12.154288078,13.151472818,0.254383862
Florida,12,2014,2634,19893297,13.240640805,12.734982447,13.746299163,0.257988958
Florida,12,2015,3228,20271272,15.924013056,15.374672285,16.473353828,0.280275904
Florida,12,2016,4728,20612439,22.937605783,22.283774912,23.591436653,0.333587179
Florida,12,2017,5088,20984400,24.246583176,23.580339551,24.912826801,0.339920217
Florida,12,2018,4698,21299325,22.057037019,21.4263023,22.687771737,0.321803428
Florida,12,2019,5268,21477737,24.527723754,23.865369341,25.190078168,0.337935925
Georgia,13,1999,283,8045965,3.517290965,3.107491724,3.927090206,0.209081246
Georgia,13,2000,364,8186453,4.446370119,3.989586006,4.903154232,0.233053119
Georgia,13,2001,511,8377038,6.100008141,5.571105135,6.628911148,0.269848473
Georgia,13,2002,563,8508256,6.617102259,6.070502142,7.163702376,0.278877611
Georgia,13,2003,607,8622793,7.039482451,6.479463844,7.599501057,0.285723779
Georgia,13,2004,666,8769252,7.594718455,7.017911305,8.171525605,0.294289362
Georgia,13,2005,738,8925922,8.268053429,7.671524974,8.864581884,0.304351253
Georgia,13,2006,830,9155813,9.065279075,8.448544631,9.682013518,0.31466043
Georgia,13,2007,923,9349988,9.871670423,9.234807643,10.508533204,0.32492999
Georgia,13,2008,935,9504843,9.837090418,9.206544194,10.467636642,0.321707257
Georgia,13,2009,1007,9620846,10.466854994,9.820371347,11.113338641,0.329838595
Georgia,13,2010,1054,9687653,10.879828169,10.222990876,11.536665461,0.335121068
Georgia,13,2011,1058,9815210,10.779188627,10.129658485,11.428718768,0.331392929
Georgia,13,2012,1056,9919945,10.645220311,10.003155652,11.287284971,0.32758401
Georgia,13,2013,1098,9992167,10.988607376,10.338631022,11.638583731,0.331620589
Georgia,13,2014,1206,10097343,11.94373609,11.269638746,12.617833434,0.343927216
Georgia,13,2015,1302,10214860,12.746136511,12.053781014,13.438492008,0.353242601
Georgia,13,2016,1394,10310371,13.520367017,12.810604328,14.230129706,0.362123821
Georgia,13,2017,1537,10429379,14.737214939,14.000440491,15.473989386,0.37590533
Georgia,13,2018,1404,10519475,13.34667367,12.648528786,14.044818553,0.356196369
Georgia,13,2019,1408,10617423,13.261221673,12.568532693,13.953910653,0.353412745
Hawaii,15,1999,80,1210300,6.609931422,5.241279022,8.226654549,0.739012799
Hawaii,15,2000,63,1211537,5.200006273,3.99584082,6.653044026,0.65513921
Hawaii,15,2001,77,1225948,6.280853674,4.956724102,7.849999347,0.715769705
Hawaii,15,2002,77,1239613,6.211616045,4.90208315,7.763464081,0.707879345
Hawaii,15,2003,92,1251154,7.353211515,5.927717931,9.018052134,0.766625295
Hawaii,15,2004,103,1273569,8.087508411,6.525612082,9.649404741,0.796885883
Hawaii,15,2005,126,1292729,9.74682242,8.044923148,11.448721691,0.868315955
Hawaii,15,2006,86,1309731,6.56623383,5.252133453,8.109233117,0.708055203
Hawaii,15,2007,136,1315675,10.33689931,8.599590976,12.074207644,0.886381803
Hawaii,15,2008,123,1332213,9.232757825,7.601077939,10.86443771,0.832489737
Hawaii,15,2009,136,1346717,10.098632452,8.401369298,11.795895606,0.865950589
Hawaii,15,2010,151,1360301,11.100484378,9.329928948,12.871039809000001,0.903344607
Hawaii,15,2011,180,1374810,13.092718267,11.180006007,15.005430526,0.975873602
Hawaii,15,2012,155,1392313,11.132554246,9.379945227,12.885163265,0.894188275
Hawaii,15,2013,158,1404054,11.253128441,9.498436814,13.007820068,0.89525083
Hawaii,15,2014,157,1419561,11.059757207,9.329734361,12.789780052,0.882664717
Hawaii,15,2015,169,1431603,11.804948718,10.025125681,13.584771756,0.908072978
Hawaii,15,2016,191,1428557,13.370135038,11.473974162,15.266295914,0.967429018
Hawaii,15,2017,203,1427538,14.220286956,12.264072731,16.176501181,0.998068482
Hawaii,15,2018,213,1420491,14.994815173,12.981056673,17.008573673,1.027427806
Hawaii,15,2019,242,1415872,17.091940514,14.938465878,19.245415151,1.098711549
Idaho,16,1999,64,1275674,5.016955743,3.863657956,6.406552144,0.627119468
Idaho,16,2000,64,1293953,4.946083822,3.809078073,6.316050119,0.618260478
Idaho,16,2001,98,1319962,7.424456159,6.027544732,9.048036231,0.749983328
Idaho,16,2002,117,1340372,8.728920031,7.147221704,10.310618358,0.806988942
Idaho,16,2003,102,1363380,7.481406504,6.029498036,8.933314973,0.740769627
Idaho,16,2004,98,1391802,7.041231439,5.716423744,8.581007931,0.711271786
Idaho,16,2005,109,1428241,7.631765227,6.199023781,9.064506673,0.730990534
Idaho,16,2006,130,1468669,8.851551984,7.329940352,10.373163615,0.776332465
Idaho,16,2007,126,1505105,8.371508965,6.909754108,9.833263821,0.745793294
Idaho,16,2008,146,1534320,9.515616038,7.972080785,11.059151292,0.787517987
Idaho,16,2009,171,1554439,11.000753326,9.351906007,12.649600646,0.841248633
Idaho,16,2010,178,1567582,11.355067869,9.686915162,13.023220576,0.85109832
Idaho,16,2011,193,1584985,12.176771389,10.458825149,13.89471763,0.876503184
Idaho,16,2012,181,1595728,11.342785237,9.690304166,12.995266307,0.843102587
Idaho,16,2013,207,1612136,12.840107783,11.090907383,14.589308182,0.892449184
Idaho,16,2014,212,1634464,12.970612996,11.224595295,14.716630698,0.890825358
Idaho,16,2015,218,1654930,13.172762594,11.424105358,14.92141983,0.892172059
Idaho,16,2016,243,1683140,14.43730171,12.62204117,16.252562249,0.926153336
Idaho,16,2017,236,1716943,13.745360213,11.991656605,15.49906382,0.894746739
Idaho,16,2018,250,1754208,14.251445667,12.484818159,16.018073174,0.901340565
Idaho,16,2019,265,1787065,14.828783508,13.043370646,16.614196371,0.91092493
Illinois,17,1999,825,12359020,6.675286552,6.219775403,7.1307977,0.232403647
Illinois,17,2000,868,12419293,6.989125709,6.524161997,7.454089423,0.237226384
Illinois,17,2001,892,12488445,7.142602622,6.673864654,7.61134059,0.239152025
Illinois,17,2002,986,12525556,7.871906046,7.380548629,8.363263462,0.25069256
Illinois,17,2003,847,12556006,6.745775687,6.291471999,7.200079374,0.231787596
Illinois,17,2004,1035,12589773,8.220958392,7.720107621,8.721809163,0.255536108
Illinois,17,2005,1067,12609903,8.461603551,7.953880904,8.9693261969999991,0.259042167
Illinois,17,2006,1369,12643955,10.827308386,10.253753671,11.4008631,0.292629956
Illinois,17,2007,1192,12695866,9.388882964,8.855877245,9.921888683,0.271941694
Illinois,17,2008,1353,12747038,10.614230537,10.048648394,11.17981268,0.288562318
Illinois,17,2009,1381,12796778,10.791778993,10.222595529,11.360962458,0.290399727
Illinois,17,2010,1288,12830632,10.03847667,9.490242686,10.586710655,0.279711217
Illinois,17,2011,1408,12869257,10.940802565,10.369318764,11.512286367,0.291573368
Illinois,17,2012,1628,12875255,12.644409761,12.030184841,13.258634681,0.313380061
Illinois,17,2013,1579,12882135,12.257284992,11.652697316,12.861872668,0.3084631
Illinois,17,2014,1705,12880580,13.236981565,12.608658729,13.8653044,0.320572875
Illinois,17,2015,1835,12859995,14.26905687,13.616176958,14.921936781,0.333101996
Illinois,17,2016,2411,12801539,18.833673045,18.081890059,19.585456031,0.383562748
Illinois,17,2017,2778,12802023,21.699695431,20.892751074,22.506639788,0.411706305
Illinois,17,2018,2722,12741080,21.363966006,20.561375738,22.166556274,0.409484831
Illinois,17,2019,2790,12671821,22.017356464,21.200361944,22.834350983,0.416833939
Indiana,18,1999,191,6044969,3.159652266,2.711548415,3.607756118,0.228624414
Indiana,18,2000,214,6080485,3.519456096,3.047909367,3.991002825,0.240585066
Indiana,18,2001,283,6127760,4.618327089,4.080246231,5.156407946,0.27453105
Indiana,18,2002,293,6155967,4.75960966,4.214613304,5.304606016,0.278059365
Indiana,18,2003,434,6196638,7.003797866,6.344859476,7.662736255,0.336193056
Indiana,18,2004,542,6233007,8.695642408,7.963563154,9.427721662,0.373509824
Indiana,18,2005,610,6278616,9.715516923,8.94451215,10.486521696,0.393369782
Indiana,18,2006,736,6332669,11.622271747,10.782602611,12.461940883,0.42840262
Indiana,18,2007,781,6379599,12.242148762,11.383554055,13.100743469,0.438058524
Indiana,18,2008,830,6424806,12.918678011,12.039786846,13.797569177,0.44841386
Indiana,18,2009,896,6459325,13.871418453,12.963131785,14.779705121,0.463411565
Indiana,18,2010,927,6483802,14.297167002,13.376789075,15.217544928,0.469580575
Indiana,18,2011,975,6516922,14.961050631,14.021941948,15.900159314,0.479137083
Indiana,18,2012,1011,6537334,15.465019838,14.511716805,16.418322872,0.486379099
Indiana,18,2013,1064,6570902,16.192601868,15.219626389,17.165577347,0.496416061
Indiana,18,2014,1172,6596855,17.766041546,16.748896381,18.78318671,0.518951615
Indiana,18,2015,1245,6619680,18.807555652,17.762826409,19.852284895,0.533025124
Indiana,18,2016,1526,6633053,23.005997389,21.851694266,24.160300512,0.588930165
Indiana,18,2017,1852,6666818,27.779369408,26.514172963,29.044565854,0.645508391
Indiana,18,2018,1629,6691878,24.342942295,23.16080315,25.52508144,0.603132217
Indiana,18,2019,1699,6732219,25.236849841,24.036813148,26.436886534,0.612263619
Iowa,19,1999,53,2917634,1.816540388,1.360715909,2.376071159,0.249521012
Iowa,19,2000,73,2926324,2.494597317,1.955365161,3.136581937,0.291970532
Iowa,19,2001,87,2931997,2.967260881,2.376657275,3.660116296,0.318123758
Iowa,19,2002,91,2934234,3.101320481,2.496997172,3.80773926,0.325106723
Iowa,19,2003,96,2941999,3.263087445,2.64310083,3.984784495,0.333037468
Iowa,19,2004,122,2953635,4.1305036,3.397545479,4.863461721,0.373958225
Iowa,19,2005,141,2964454,4.756356483,3.971263832,5.541449133,0.400557475
Iowa,19,2006,187,2982644,6.269605089,5.370986384,7.168223794,0.458478931
Iowa,19,2007,203,2999212,6.768444511,5.837343228,7.699545795,0.475051675
Iowa,19,2008,209,3016734,6.928022159,5.988748385,7.867295933,0.479221313
Iowa,19,2009,207,3032870,6.825218357,5.895422839,7.755013876,0.474385469
Iowa,19,2010,253,3046355,8.305007132,7.281629735,9.328384528,0.522131325
Iowa,19,2011,250,3062309,8.163774459,7.151782493,9.175766426,0.516322432
Iowa,19,2012,259,3074186,8.424994454,7.398927235,9.451061673,0.523503683
Iowa,19,2013,275,3090416,8.898478393,7.846745456,9.950211329,0.536598437
Iowa,19,2014,264,3107126,8.496597821,7.471656105,9.521539537,0.522929447
Iowa,19,2015,309,3123899,9.891484968,8.788579406,10.99439053,0.562706919
Iowa,19,2016,314,3134693,10.016929888,8.908965296,11.124894479,0.565288057
Iowa,19,2017,341,3145711,10.840156645,9.689582952,11.990730338,0.587027394
Iowa,19,2018,287,3156145,9.093371819,8.041312876,10.145430762,0.536764767
Iowa,19,2019,352,3155070,11.156646287,9.991129846,12.322162727,0.594651245
Kansas,20,1999,89,2678338,3.322956251,2.668599706,4.089196733,0.352232658
Kansas,20,2000,103,2688418,3.831249456,3.091341173,4.571157739,0.377504226
Kansas,20,2001,138,2702162,5.107021711,4.254934136,5.959109285,0.434738558
Kansas,20,2002,170,2713535,6.264890632,5.323120084,7.206661179,0.480495177
Kansas,20,2003,188,2723004,6.904139693,5.917208861,7.891070525,0.503536139
Kansas,20,2004,224,2734373,8.192005992,7.119197201,9.264814783,0.547351424
Kansas,20,2005,241,2745299,8.778643055,7.67029812,9.886987989,0.565482109
Kansas,20,2006,257,2762931,9.301716185,8.164474961,10.438957408,0.580225114
Kansas,20,2007,270,2783785,9.699024889,8.542107728,10.855942049,0.590263857
Kansas,20,2008,219,2808076,7.798934217,6.76600807,8.831860364,0.527003136
Kansas,20,2009,304,2832704,10.731795486,9.525394545,11.938196427,0.615510684
Kansas,20,2010,269,2853118,9.42828162,8.301570767,10.554992473,0.574852476
Kansas,20,2011,280,2871238,9.751890996,8.609628563,10.894153429,0.582786956
Kansas,20,2012,318,2885905,11.019073739,9.807952555,12.230194924,0.617918972
Kansas,20,2013,331,2893957,11.437626751,10.205435859,12.669817644,0.628668823
Kansas,20,2014,332,2904021,11.432424215,10.202650063,12.662198367,0.627435792
Kansas,20,2015,329,2911641,11.299469955,10.078468465,12.520471446,0.622959944
Kansas,20,2016,313,2907289,10.766043555,9.573319344,11.958767766,0.608532761
Kansas,20,2017,333,2913123,11.431031234,10.203254594,12.658807873,0.626416653
Kansas,20,2018,345,2911505,11.849541732,10.599144284,13.09993918,0.637957882
Kansas,20,2019,403,2913314,13.833043743,12.482460682,15.183626804,0.68907299
Kentucky,21,1999,197,4018053,4.902872112,4.21821437,5.587529854,0.349315174
Kentucky,21,2000,241,4041769,5.962735624,5.209912234,6.715559014,0.384093566
Kentucky,21,2001,345,4068132,8.480550779,7.585658867,9.37544269,0.456577506
Kentucky,21,2002,426,4089875,10.415966258,9.426842038,11.405090478,0.504655214
Kentucky,21,2003,560,4117170,13.60157584,12.47502373,14.728127949,0.574771485
Kentucky,21,2004,526,4146101,12.686618102,11.602418943,13.770817261,0.553162836
Kentucky,21,2005,638,4182742,15.253152119,14.069551091,16.436753146,0.603878075
Kentucky,21,2006,728,4219239,17.254296332,16.000902266,18.507690397,0.639486768
Kentucky,21,2007,708,4256672,16.632712128,15.407524752,17.857899505,0.6250956
Kentucky,21,2008,764,4289878,17.809364276,16.54649671,19.072231841,0.644320186
Kentucky,21,2009,769,4317074,17.812990929,16.55397928,19.072002577,0.642352882
Kentucky,21,2010,1007,4339367,23.206149653,21.772825482,24.639473824,0.731287842
Kentucky,21,2011,1058,4369356,24.214094709,22.755006747,25.67318267,0.744432633
Kentucky,21,2012,1078,4380415,24.60954042,23.140444359,26.078636481,0.749538807
Kentucky,21,2013,1019,4395295,23.183881856,21.760389516,24.607374195,0.726271602
Kentucky,21,2014,1077,4413457,24.402639473,22.945218472,25.860060474,0.743582143
Kentucky,21,2015,1273,4425092,28.767763473,27.187432802,30.348094143,0.806291158
Kentucky,21,2016,1419,4436974,31.981255694,30.31722863,33.645282757,0.8489934
Kentucky,21,2017,1566,4454189,35.157915392,33.416576462,36.899254321,0.888438229
Kentucky,21,2018,1315,4468402,29.428865174,27.83824418,31.019486168,0.811541323
Kentucky,21,2019,1380,4467673,30.888563241,29.258838585,32.518287897,0.831492171
Louisiana,22,1999,188,4460811,4.214480282,3.612030054,4.816930509,0.307372565
Louisiana,22,2000,248,4468976,5.549369699,4.858694456,6.240044942,0.352385328
Louisiana,22,2001,265,4477875,5.917985652,5.205449273,6.63052203,0.363538969
Louisiana,22,2002,365,4497267,8.116040253,7.283406846,8.948673659,0.424812963
Louisiana,22,2003,536,4521042,11.85567398,10.851983223,12.859364736,0.512087121
Louisiana,22,2004,539,4552238,11.840329965,10.840731699000001,12.839928232,0.509999115
Louisiana,22,2005,661,4576628,14.442947952,13.34188744,15.544008465,0.561765568
Louisiana,22,2006,705,4302665,16.385193828,15.17567371,17.594713945,0.617102101
Louisiana,22,2007,808,4375581,18.466119128,17.192832952,19.739405304,0.649635804
Louisiana,22,2008,647,4435586,14.586573228,13.462596789,15.710549668,0.573457367
Louisiana,22,2009,584,4491648,13.001909321,11.947384563,14.05643408,0.538022836
Louisiana,22,2010,591,4533372,13.036653511,11.985591223,14.087715799,0.536256269
Louisiana,22,2011,601,4574836,13.137082947,12.086772277,14.187393617,0.535872791
Louisiana,22,2012,566,4601893,12.299286402,11.286010369,13.312562435,0.516977568
Louisiana,22,2013,809,4625470,17.490114518,16.284871946,18.69535709,0.61491968
Louisiana,22,2014,777,4649676,16.710841788,15.535825493,17.885858083,0.59949811
Louisiana,22,2015,861,4670724,18.433972977,17.202645865,19.665300089,0.628228118
Louisiana,22,2016,996,4681666,21.274477932,19.953226978,22.595728885,0.674107629
Louisiana,22,2017,1108,4684333,23.653314143,22.260548032,25.046080254,0.710594955
Louisiana,22,2018,1140,4659978,24.463634807,23.043516158,25.883753456,0.724550331
Louisiana,22,2019,1267,4648794,27.254380383,25.753645156,28.75511561,0.765681238
Maine,23,1999,67,1266808,5.288883556,4.098831867,6.716670561,0.646139965
Maine,23,2000,61,1274923,4.784602678,3.6598382800000002,6.146013524,0.612605599
Maine,23,2001,85,1285692,6.611225706,5.280782645,8.17491281,0.71708811
Maine,23,2002,139,1295960,10.72563968,8.942555388,12.508723973,0.909736884
Maine,23,2003,133,1306513,10.17976859,8.449680739,11.909856441,0.882697883
Maine,23,2004,140,1313688,10.657020541,8.891682595,12.422358486,0.900682625
Maine,23,2005,163,1318787,12.359842795,10.462371493,14.257314097,0.968097603
Maine,23,2006,159,1323619,12.012520219,10.14531677,13.879723668,0.952654821
Maine,23,2007,159,1327040,11.98155293,10.119162978,13.843942882,0.950198955
Maine,23,2008,162,1330509,12.17579137,10.300815159,14.050767582,0.956620516
Maine,23,2009,173,1329590,13.01152987,11.072603207,14.950456533,0.989248297
Maine,23,2010,135,1328361,10.162899995,8.448520991,11.877278998,0.874683165
Maine,23,2011,156,1328188,11.74532521,9.902183113,13.588467307,0.940378621
Maine,23,2012,150,1329192,11.28505137,9.479067021,13.091035718,0.921420586
Maine,23,2013,174,1328302,13.099430702,11.153022756,15.045838648,0.993065279
Maine,23,2014,216,1330089,16.239514799,14.073795109,18.40523449,1.104959026
Maine,23,2015,269,1329328,20.235788308,17.817544642,22.654031974,1.233797789
Maine,23,2016,353,1331479,26.511871385,23.746145701,29.27759707,1.411084533
Maine,23,2017,424,1335907,31.738736304,28.71765249,34.759820119,1.541369293
Maine,23,2018,345,1338404,25.776970182,23.056910752,28.497029613,1.387785424
Maine,23,2019,371,1344212,27.599813125,24.791307758,30.408318491,1.432910901
Maryland,24,1999,629,5254509,11.970671284,11.035159519,12.90618305,0.477301921
Maryland,24,2000,623,5296486,11.762515751,10.838855476,12.686176027,0.471255243
Maryland,24,2001,639,5374691,11.889055576,10.967220987,12.810890164,0.47032377
Maryland,24,2002,723,5440389,13.28949088,12.320777572,14.258204189,0.494241484
Maryland,24,2003,779,5496269,14.173250982,13.177944528,15.168557436,0.507809415
Maryland,24,2004,676,5546935,12.186910429,11.268204874,13.105615984,0.468727324
Maryland,24,2005,656,5592379,11.730249327,10.832590316,12.627908338,0.457989291
Maryland,24,2006,762,5627367,13.540968627,12.579515054,14.5024222,0.490537537
Maryland,24,2007,769,5653408,13.602414685,12.641004072,14.563825298,0.490515619
Maryland,24,2008,693,5684965,12.190048663,11.282447814,13.097649512,0.463061658
Maryland,24,2009,743,5730388,12.965963212,12.033640102,13.898286323,0.475675056
Maryland,24,2010,650,5773552,11.258234099,10.392728926,12.123739272,0.441584272
Maryland,24,2011,707,5828289,12.130489754,11.236310273,13.024669235,0.456214021
Maryland,24,2012,831,5884563,14.121694338,13.161537086,15.08185159,0.489876149
Maryland,24,2013,892,5928814,15.04516755,14.05781859,16.032516509,0.503749469
Maryland,24,2014,1070,5976407,17.903733799,16.830960897,18.9765067,0.547333113
Maryland,24,2015,1285,6006401,21.393843002,20.224092307,22.563593697,0.596811579
Maryland,24,2016,2044,6016447,33.973539533,32.500696645,35.44638242,0.751450453
Maryland,24,2017,2247,6052177,37.127136235,35.592003309,38.662269162,0.783231085
Maryland,24,2018,2324,6042718,38.459514411,36.895856285,40.023172536,0.797784758
Maryland,24,2019,2369,6045680,39.18500483,37.607054075,40.762955585,0.805076916
Massachusetts,25,1999,488,6317345,7.724764122,7.039384185,8.410144059,0.349683641
Massachusetts,25,2000,463,6349097,7.292375593,6.628120941,7.956630245,0.338905435
Massachusetts,25,2001,689,6397634,10.769606389,9.965439308,11.57377347,0.410289327
Massachusetts,25,2002,705,6417206,10.986089585,10.175119846,11.797059324,0.413760071
Massachusetts,25,2003,823,6422565,12.814194952,11.938712429,13.689677474,0.446674756
Massachusetts,25,2004,669,6412281,10.43310485,9.642505261,11.223704439,0.403367137
Massachusetts,25,2005,780,6403290,12.181238082,11.326367836,13.036108328,0.436158289
Massachusetts,25,2006,970,6410084,15.132407001,14.18009728,16.084716723,0.485872307
Massachusetts,25,2007,922,6431559,14.33556001,13.410211619,15.2609084,0.472116526
Massachusetts,25,2008,786,6468967,12.150317044,11.30087763,12.999756459,0.433387456
Massachusetts,25,2009,816,6517613,12.51992102,11.660882613,13.378959427,0.438284901
Massachusetts,25,2010,738,6547629,11.271255595,10.458050317,12.084460873,0.414900652
Massachusetts,25,2011,857,6587536,13.009416571,12.13840589,13.880427252,0.444393205
Massachusetts,25,2012,859,6646144,12.924787666,12.06045106,13.789124273,0.440988064
Massachusetts,25,2013,1081,6692824,16.151627474,15.188775526,17.114479423,0.491250994
Massachusetts,25,2014,1289,6745408,19.10929628,18.066080118,20.152512442,0.532253144
Massachusetts,25,2015,1724,6794422,25.373755119,24.175988556,26.571521681,0.611105389
Massachusetts,25,2016,2227,6811779,32.693368355,31.335506368,34.051230342,0.692786728
Massachusetts,25,2017,2168,6859819,31.604332418,30.273960547,32.934704288,0.678761158
Massachusetts,25,2018,2241,6902149,32.468148688,31.123859613,33.812437764,0.685861773
Massachusetts,25,2019,2210,6892503,32.063823549,30.726996438,33.400650659,0.682054648
Michigan,26,1999,460,9897116,4.647818617,4.223075523,5.072561711,0.21670566
Michigan,26,2000,561,9938444,5.644746803,5.177636866,6.111856741,0.238321397
Michigan,26,2001,621,9991120,6.215519381,5.726655787,6.704382975,0.249420201
Michigan,26,2002,751,10015710,7.498220296,6.961936965,8.034503627,0.273613945
Michigan,26,2003,761,10041152,7.578811674,7.040337525,8.117285823,0.274731709
Michigan,26,2004,867,10055315,8.622305716,8.048361161,9.196250271,0.292828855
Michigan,26,2005,985,10051137,9.799886321,9.187875651,10.411896992,0.312250342
Michigan,26,2006,1176,10036081,11.71772129,11.047997734,12.387444846,0.341695692
Michigan,26,2007,1236,10001284,12.35841318,11.669428529,13.047397831,0.351522781
Michigan,26,2008,1239,9946889,12.456155889,11.762563286,13.149748493,0.353873777
Michigan,26,2009,1429,9901591,14.432024106,13.683738825,15.180309387,0.381778205
Michigan,26,2010,1394,9883640,14.104115488,13.363708447,14.844522529,0.377758694
Michigan,26,2011,1386,9876187,14.033756145,13.294919577,14.772592713,0.376957432
Michigan,26,2012,1308,9883360,13.234365641,12.51714079,13.951590491,0.365931046
Michigan,26,2013,1553,9895622,15.693808838,14.91326248,16.474355196,0.398237938
Michigan,26,2014,1762,9909877,17.780240865,16.950025514,18.610456216,0.423579261
Michigan,26,2015,1980,9922576,19.954495687,19.075545562,20.833445813,0.448443942
Michigan,26,2016,2347,9928300,23.63949518,22.683099239,24.595891122,0.487957113
Michigan,26,2017,2694,9962311,27.041918286,26.020755988,28.063080583,0.521001172
Michigan,26,2018,2591,9995915,25.92058856,24.922504262,26.918672859,0.509226683
Michigan,26,2019,2385,9986857,23.881387307,22.92293296,24.839841655,0.48900732
Minnesota,27,1999,136,4873481,2.790613116,2.321598639,3.259627593,0.239293101
Minnesota,27,2000,130,4919479,2.642556254,2.188291924,3.096820585,0.231767515
Minnesota,27,2001,185,4982796,3.712774916,3.17775638,4.247793452,0.272968641
Minnesota,27,2002,201,5018935,4.004833695,3.451174485,4.558492905,0.282479189
Minnesota,27,2003,246,5053572,4.867843973,4.259533676,5.476154269,0.310362396
Minnesota,27,2004,250,5087713,4.913799186,4.304678329,5.522920044,0.310775948
Minnesota,27,2005,282,5119598,5.508244983,4.865343001,6.151146965,0.328011215
Minnesota,27,2006,311,5163555,6.022982228,5.35357953,6.692384926,0.341531989
Minnesota,27,2007,341,5207203,6.548621208,5.853550875,7.243691541,0.354627721
Minnesota,27,2008,384,5247018,7.31844259,6.586445879,8.0504393,0.37346771
Minnesota,27,2009,419,5281203,7.933798417,7.174119241,8.693477592,0.387591416
Minnesota,27,2010,397,5303925,7.485022884,6.748724325,8.221321443,0.37566253
Minnesota,27,2011,511,5344861,9.560585392,8.731632013,10.389538771,0.422935397
Minnesota,27,2012,482,5379139,8.960541827,8.160584494,9.760499159,0.408141496
Minnesota,27,2013,523,5420380,9.648770012,8.821823954,10.475716071,0.421911254
Minnesota,27,2014,517,5457173,9.473769661,8.657124071,10.290415251,0.416655913
Minnesota,27,2015,581,5489594,10.58366065,9.723055557,11.444265742,0.439084231
Minnesota,27,2016,672,5519952,12.174018905,11.253557874,13.094479935,0.469622975
Minnesota,27,2017,733,5576606,13.144195591,12.192631386,14.095759797,0.485491942
Minnesota,27,2018,636,5611179,11.334516329,10.453608426,12.215424231,0.449442807
Minnesota,27,2019,792,5639632,14.043469503,13.065404102,15.021534904,0.49901296
Mississippi,28,1999,87,2828408,3.075935296,2.463701135,3.794166188,0.329774879
Mississippi,28,2000,114,2844658,4.007511624,3.271849432,4.743173815,0.375337853
Mississippi,28,2001,169,2852994,5.923601662,5.030504796,6.816698528,0.455661666
Mississippi,28,2002,183,2858681,6.401553724,5.474049446,7.329058001,0.473216468
Mississippi,28,2003,207,2868312,7.216788132,6.233649291,8.199926973,0.50160145
Mississippi,28,2004,224,2889010,7.753521102,6.73813542,8.768906785,0.51805392
Mississippi,28,2005,248,2905943,8.534234842,7.472062912,9.596406773,0.541924454
Mississippi,28,2006,339,2904978,11.66962366,10.427362026,12.911885294,0.633806956
Mississippi,28,2007,314,2928350,10.722761965,9.536725853,11.908798077,0.605120465
Mississippi,28,2008,303,2947806,10.278831103,9.121444404,11.436217803,0.590503418
Mississippi,28,2009,323,2958774,10.916683734,9.726139493,12.107227976,0.607420531
Mississippi,28,2010,334,2967297,11.256035375,10.048865783,12.463204967,0.615902853
Mississippi,28,2011,302,2978512,10.139291029,8.995727783,11.282854274,0.583450636
Mississippi,28,2012,310,2984926,10.385517095,9.229395936,11.541638253,0.589857734
Mississippi,28,2013,316,2991207,10.564297289,9.399492509,11.729102069,0.594288153
Mississippi,28,2014,336,2994079,11.222148781,10.022200702,12.42209686,0.612218408
Mississippi,28,2015,351,2992333,11.729977914,10.502822105,12.957133723,0.626099903
Mississippi,28,2016,352,2988726,11.77759353,10.547207755,13.007979305,0.627747844
Mississippi,28,2017,354,2984100,11.862873228,10.627084215,13.098662241,0.630504598
Mississippi,28,2018,310,2986530,10.379939261,9.22443903,11.535439492,0.589540934
Mississippi,28,2019,394,2976149,13.238584493,11.931362,14.545806986,0.666950251
Missouri,29,1999,276,5561948,4.96229019,4.376848443,5.547731938,0.298694769
Missouri,29,2000,303,5595211,5.415345373,4.805582585,6.025108161,0.311103463
Missouri,29,2001,351,5641142,6.222144381,5.571201926,6.873086836,0.332113498
Missouri,29,2002,416,5674825,7.33062253,6.626172384,8.035072676,0.35941334
Missouri,29,2003,522,5709403,9.142812304,8.358479059,9.92714555,0.400170023
Missouri,29,2004,548,5747741,9.534180472,8.735911662,10.332449281,0.407280005
Missouri,29,2005,608,5790300,10.5003195,9.665664892,11.334974108,0.425844188
Missouri,29,2006,743,5842704,12.716714727,11.802313935,13.631115518,0.466531016
Missouri,29,2007,714,5887612,12.127157836,11.237616784,13.016698888,0.453847475
Missouri,29,2008,765,5923916,12.913755023,11.998635338,13.828874707,0.466897798
Missouri,29,2009,863,5961088,14.47722295,13.511314565,15.443131335,0.4928104
Missouri,29,2010,998,5988927,16.664086906,15.630201696,17.697972116,0.527492454
Missouri,29,2011,963,6010688,16.021460439,15.009543118,17.033377759,0.516284347
Missouri,29,2012,942,6021988,15.642674811,14.643729674,16.641619948,0.509665886
Missouri,29,2013,1025,6044171,16.958487773,15.920287207,17.996688339,0.529694166
Missouri,29,2014,1067,6063589,17.5968391,16.540973782,18.652704417,0.538706795
Missouri,29,2015,1066,6083672,17.522312182,16.470425679,18.574198686,0.536676787
Missouri,29,2016,1371,6093000,22.501230921,21.310143548,23.692318294,0.607697639
Missouri,29,2017,1367,6113532,22.360233004,21.174878815,23.545587194,0.604772546
Missouri,29,2018,1610,6126452,26.279484439,24.995794983,27.563173896,0.6549436
Missouri,29,2019,1583,6137428,25.792563269,24.521959561,27.063166977,0.648267198
Montana,30,1999,41,897507,4.568209496,3.278238498,6.197278684,0.713434462
Montana,30,2000,41,902195,4.544472093,3.261204064,6.165076286,0.709727303
Montana,30,2001,56,906961,6.174466157,4.66412999,8.018038262,0.825097747
Montana,30,2002,78,911667,8.555755555,6.762982536,10.678010721,0.968748553
Montana,30,2003,93,919630,10.112762741,8.162314192,12.388842252,1.048644646
Montana,30,2004,98,930009,10.537532433,8.554895705,12.841880025,1.06445152
Montana,30,2005,96,940102,10.211657884,8.271442886,12.470170258,1.042222968
Montana,30,2006,97,952692,10.181674665,8.256625436,12.420828557,1.033792433
Montana,30,2007,125,964706,12.957315493,10.685797934,15.228833052,1.15893753
Montana,30,2008,134,976415,13.723672823,11.400005087,16.04734056,1.185544764
Montana,30,2009,142,983982,14.431158293,12.057527926,16.804788661,1.211035902
Montana,30,2010,118,989415,11.926239242,9.774356588,14.078121897,1.097899313
Montana,30,2011,141,998199,14.125439917,11.79386971,16.457010124,1.189576636
Montana,30,2012,118,1005141,11.739646477,9.621431246,13.857861709,1.080722057
Montana,30,2013,137,1015165,13.495343122,11.235492573,15.755193671,1.152984974
Montana,30,2014,125,1023579,12.212052025,10.071184913,14.352919138,1.092279139
Montana,30,2015,138,1032949,13.359807696,11.13077348,15.588841912,1.137262355
Montana,30,2016,119,1042520,11.414649119,9.363745948,13.465552291,1.046379169
Montana,30,2017,119,1050493,11.328014561,9.292677272,13.36335185,1.038437392
Montana,30,2018,125,1062305,11.766865448,9.704042984,13.829687913,1.052460441
Montana,30,2019,143,1068778,13.379766425,11.186776762,15.572756087,1.118872277
Nebraska,31,1999,39,1704764,2.287706685,1.626788224,3.12736367,0.366326248
Nebraska,31,2000,46,1711263,2.688073078,1.968018943,3.585513156,0.396334753
Nebraska,31,2001,66,1719836,3.837575211,2.967980668,4.882355062,0.472372854
Nebraska,31,2002,66,1728292,3.818799138,2.953459253,4.858467203,0.47006168
Nebraska,31,2003,55,1738643,3.163386618,2.383105675,4.117590558,0.426550965
Nebraska,31,2004,59,1749370,3.372642723,2.567424273,4.350473027,0.439080683
Nebraska,31,2005,86,1761497,4.882210983,3.905134099,6.029481742,0.52646235
Nebraska,31,2006,91,1772693,5.13343258,4.133131907,6.302725853,0.538129953
Nebraska,31,2007,80,1783440,4.485713004,3.556901269,5.582873548,0.50151796
Nebraska,31,2008,94,1796378,5.232751681,4.228586634,6.40357987,0.539717126
Nebraska,31,2009,106,1812683,5.847685447,4.734449704,6.960921191,0.56797742
Nebraska,31,2010,117,1826341,6.406251626,5.245425608,7.567077643,0.592258172
Nebraska,31,2011,129,1842641,7.000821104,5.792700764,8.208941444,0.616387929
Nebraska,31,2012,146,1855525,7.868393042,6.592055073,9.144731012,0.651192842
Nebraska,31,2013,117,1868516,6.261653633,5.12702907,7.396278196,0.578890083
Nebraska,31,2014,125,1881503,6.643624804,5.478946025,7.808303584,0.594223867
Nebraska,31,2015,126,1896190,6.644903728,5.484632582,7.805174874,0.591975074
Nebraska,31,2016,120,1907116,6.292223441,5.166401821,7.418045061,0.574398786
Nebraska,31,2017,152,1920076,7.916353311,6.657835268,9.174871354,0.642101042
Nebraska,31,2018,138,1929268,7.152972008,5.959525237,8.346418779,0.608901414
Nebraska,31,2019,161,1934408,8.322959789,7.03731519,9.608604388,0.655941122
Nevada,32,1999,227,1934718,11.732976072,10.206635924,13.25931622,0.778744973
Nevada,32,2000,273,1998257,13.661906351,12.041268224,15.282544478,0.826856187
Nevada,32,2001,261,2098399,12.438053964,10.929057388,13.94705054,0.769896212
Nevada,32,2002,323,2173791,14.858834175,13.238369582,16.479298768,0.82676765
Nevada,32,2003,342,2248850,15.207772862,13.595982198,16.819563525,0.822342175
Nevada,32,2004,380,2346222,16.196250824,14.567784556,17.824717091,0.830850136
Nevada,32,2005,457,2432143,18.790013581,17.067252447,20.512774714,0.878959762
Nevada,32,2006,461,2522658,18.274375678,16.606175523,19.942575834,0.851122528
Nevada,32,2007,499,2601072,19.184397817,17.501127093,20.867668542,0.858811594
Nevada,32,2008,519,2653630,19.558114733,17.875443067,21.2407864,0.858505952
Nevada,32,2009,550,2684665,20.486727394,18.774555692,22.198899097,0.873556991
Nevada,32,2010,578,2700551,21.403039602,19.658151396,23.147927808,0.890249085
Nevada,32,2011,639,2723322,23.463989936,21.644676587,25.283303284,0.928221096
Nevada,32,2012,602,2758931,21.820045518,20.076980937,23.563110098,0.889318663
Nevada,32,2013,614,2790136,22.00609576,20.265432013,23.746759507,0.888093748
Nevada,32,2014,545,2839099,19.196230917,17.584569586,20.807892247,0.822276189
Nevada,32,2015,619,2890845,21.412424395,19.725573914,23.099274876,0.860638001
Nevada,32,2016,665,2940058,22.618601402,20.899462389,24.337740415,0.877111741
Nevada,32,2017,676,2998039,22.548072257,20.848294502,24.247850011,0.867233548
Nevada,32,2018,688,3034392,22.673405414,20.979151078,24.36765975,0.864415478
Nevada,32,2019,647,3080156,21.005429595,19.386844641,22.624014549,0.82580865
New Hampshire,33,1999,54,1222014,4.418934644,3.319636273,5.765737545,0.601340838
New Hampshire,33,2000,45,1235786,3.641407169,2.656078803,4.872494105,0.542828931
New Hampshire,33,2001,79,1255517,6.29222862,4.981620321,7.842004529,0.707931029
New Hampshire,33,2002,111,1269089,8.746431495,7.119289399,10.373573591,0.830174539
New Hampshire,33,2003,127,1279840,9.923115389,8.197268547,11.648962232,0.880534103
New Hampshire,33,2004,124,1290121,9.611501557,7.91975045,11.303252664,0.86313832
New Hampshire,33,2005,142,1298492,10.935762408,9.137053169,12.734471646,0.917708795
New Hampshire,33,2006,149,1308389,11.388050496,9.559477418,13.216623573,0.932945448
New Hampshire,33,2007,186,1312540,14.170996693,12.134423627,16.20756976,1.039067891
New Hampshire,33,2008,126,1315906,9.575152024,7.903228237,11.247075812,0.853022341
New Hampshire,33,2009,168,1316102,12.764968065,10.834684277,14.695251853,0.984838667
New Hampshire,33,2010,160,1316470,12.153714099,10.270476588,14.03695161,0.960835465
New Hampshire,33,2011,210,1318194,15.930887259,13.77618936,18.085585158,1.099335663
New Hampshire,33,2012,173,1320718,13.098935579,11.146984063,15.050887095,0.99589363
New Hampshire,33,2013,203,1323459,15.338593791,13.228539651,17.448647931,1.076558235
New Hampshire,33,2014,334,1326813,25.173102766,22.473377402,27.87282813,1.3774109
New Hampshire,33,2015,422,1330608,31.714825103,28.688872183,34.740778022,1.54385353
New Hampshire,33,2016,481,1334795,36.035496087,32.815064792,39.255927383,1.643077192
New Hampshire,33,2017,467,1342795,34.778205162,31.623892086,37.932518237,1.609343406
New Hampshire,33,2018,452,1356458,33.322078531,30.250094615,36.394062447,1.567338733
New Hampshire,33,2019,407,1359711,29.932831315,27.024749203,32.840913427,1.483715363
New Jersey,34,1999,557,8359592,6.663004606,6.109656297,7.216352915,0.282320566
New Jersey,34,2000,643,8414350,7.641707321,7.051042665,8.232371978,0.301359519
New Jersey,34,2001,705,8492671,8.3012753,7.688492834,8.914057765,0.312644115
New Jersey,34,2002,813,8552643,9.50583346,8.852400556,10.159266364,0.333384135
New Jersey,34,2003,721,8601402,8.382354411,7.770491036,8.994217787,0.312175192
New Jersey,34,2004,590,8634561,6.833005175,6.281636848,7.384373503,0.281310371
New Jersey,34,2005,823,8651974,9.512280088,8.862388698,10.162171478,0.33157724
New Jersey,34,2006,847,8661679,9.778704568,9.120144048,10.437265088,0.336000265
New Jersey,34,2007,727,8677885,8.377617357,7.768628444,8.98660627,0.310708629
New Jersey,34,2008,702,8711090,8.058692999,7.462547696,8.654838303,0.304155767
New Jersey,34,2009,263,8755602,3.003791173,2.640756644,3.366825702,0.185221699
New Jersey,34,2010,868,8791894,9.872730495,9.215929971,10.529531019,0.335102308
New Jersey,34,2011,1012,8821155,11.472420562,10.765580959,12.179260165,0.36063245
New Jersey,34,2012,1222,8864590,13.785183522,13.012266236,14.558100809,0.394345554
New Jersey,34,2013,1294,8899339,14.540405754,13.748149896,15.332661612,0.404212172
New Jersey,34,2014,1253,8938175,14.018521678,13.242305387,14.794737969,0.39602872
New Jersey,34,2015,1454,8958013,16.231278075,15.396969732,17.065586417,0.425667522
New Jersey,34,2016,2056,8944469,22.986272299,21.992668912,23.979875686,0.506940504
New Jersey,34,2017,2685,9005644,29.814636244,28.686884671,30.942387816,0.575383455
New Jersey,34,2018,2900,8908520,32.553106464,31.368294282,33.737918647,0.60449601100000006
New Jersey,34,2019,2805,8882190,31.580049515,30.411351126,32.748747903,0.596274688
New Mexico,35,1999,266,1808082,14.711722145,12.943736368,16.479707923,0.90203356
New Mexico,35,2000,271,1819046,14.897919019,13.124150123,16.671687916,0.904984131
New Mexico,35,2001,258,1831690,14.085352871,12.366597968,15.804107773,0.876915767
New Mexico,35,2002,287,1855309,15.469121316,13.679419131,17.258823502,0.91311336
New Mexico,35,2003,358,1877574,19.067157939,17.092005943,21.042309935,1.00773061
New Mexico,35,2004,314,1903808,16.493259825,14.668953566,18.317566083,0.930768499
New Mexico,35,2005,373,1932274,19.303680534,17.34464742,21.262713648,0.999506691
New Mexico,35,2006,418,1962137,21.30330349,19.261025368,23.345581612,1.041978634
New Mexico,35,2007,462,1990070,23.215263785,21.098323018,25.332204551,1.08007182
New Mexico,35,2008,518,2010662,25.762659264,23.54404459,27.981273937,1.131946262
New Mexico,35,2009,438,2036802,21.504299387,19.490369654,23.51822912,1.02751517
New Mexico,35,2010,478,2059179,23.213134944,21.132116549,25.294153338,1.061744079
New Mexico,35,2011,529,2082224,25.405527936,23.24053512,27.570520751,1.104588171
New Mexico,35,2012,492,2085538,23.591035023,21.50644567,25.675624376,1.063565996
New Mexico,35,2013,458,2085287,21.963403599,19.951889992,23.974917205,1.026282452
New Mexico,35,2014,547,2085572,26.227816637,24.029832535,28.42580074,1.12142046
New Mexico,35,2015,501,2085109,24.027520863,21.923518751,26.131522976,1.073470465
New Mexico,35,2016,500,2081015,24.026736953,21.920700602,26.132773303,1.074508342
New Mexico,35,2017,493,2088070,23.610319577,21.526143161,25.694495993,1.063355314
New Mexico,35,2018,537,2095428,25.627222696,23.459665973,27.794779419,1.105896287
New Mexico,35,2019,599,2096829,28.566945612,26.279206652,30.854684571,1.167213755
New York,36,1999,959,18882725,5.078716128,4.757275545,5.400156711,0.164000297
New York,36,2000,767,18976457,4.041850383,3.755802576,4.32789819,0.145942759
New York,36,2001,1079,19082838,5.654295236,5.316911743,5.991678729,0.172134435
New York,36,2002,923,19137800,4.822915905,4.511769412,5.134062398,0.158748211
New York,36,2003,964,19175939,5.027133221,4.709783626,5.344482817,0.161913059
New York,36,2004,831,19171567,4.334543963,4.039831181,4.629256745,0.150363664
New York,36,2005,944,19132610,4.933984438,4.619232908,5.248735968,0.160587515
New York,36,2006,1680,19104631,8.793679396,8.373173531,9.214185262,0.214543809
New York,36,2007,1708,19132335,8.927295074,8.503913427,9.350676721,0.216011044
New York,36,2008,1691,19212436,8.801590803,8.382077786,9.22110382,0.214037254
New York,36,2009,1592,19307066,8.245685802,7.840633298,8.650738307,0.206659441
New York,36,2010,1557,19378102,8.034842628,7.635735816,8.43394944,0.203625924
New York,36,2011,1948,19465197,10.007604855,9.563186749,10.452022961,0.226743932
New York,36,2012,2106,19570261,10.761225923,10.301616804,11.220835043,0.234494449
New York,36,2013,2309,19651127,11.749962229,11.270691864,12.229232593,0.244525696
New York,36,2014,2300,19746227,11.647794791,11.171763103,12.12382648,0.242873311
New York,36,2015,2754,19795791,13.912048273,13.392453015,14.431643532,0.265099622
New York,36,2016,3638,19745289,18.424648026,17.825927808,19.023368244,0.305469499
New York,36,2017,3921,19849399,19.7537467,19.135435475,20.372057925,0.315464911
New York,36,2018,3697,19542209,18.918025081,18.308197387,19.527852775,0.311136578
New York,36,2019,3617,19453561,18.592996933,17.987054711,19.198939154,0.309154194
North Carolina,37,1999,366,7949361,4.604143654,4.132445263,5.075842044,0.240662444
North Carolina,37,2000,491,8049313,6.099899457,5.560341624,6.639457291,0.275284609
North Carolina,37,2001,551,8210122,6.711227921,6.150848394,7.271607448,0.285907922
North Carolina,37,2002,647,8326201,7.770650745,7.171878969,8.36942252,0.305495804
North Carolina,37,2003,762,8422501,9.047193939,8.404813237,9.689574641,0.327745256
North Carolina,37,2004,854,8553152,9.984623213,9.314956338,10.654290087,0.341666773
North Carolina,37,2005,1000,8705407,11.487113698,10.775135015,12.199092382,0.36325443
North Carolina,37,2006,1059,8917270,11.875831953,11.160558454,12.591105452,0.364935459
North Carolina,37,2007,1084,9118037,11.888523813,11.18079095,12.596256676,0.361088195
North Carolina,37,2008,1196,9309449,12.847162061,12.119050907,13.575273215,0.371485283
North Carolina,37,2009,1191,9449566,12.603753442,11.887939605,13.319567279,0.365211142
North Carolina,37,2010,1093,9535483,11.462450303,10.782897112,12.142003494,0.346710812
North Carolina,37,2011,1264,9656401,13.089762946,12.368133384,13.811392508,0.368178348
North Carolina,37,2012,1298,9752073,13.309990604,12.585894061,14.034087147,0.369437012
North Carolina,37,2013,1259,9848060,12.7842438,12.078059187,13.490428413,0.360298272
North Carolina,37,2014,1358,9943964,13.656525708,12.930174918,14.382876497,0.370587137
North Carolina,37,2015,1567,10042802,15.603215119,14.83064898,16.375781257,0.394166397
North Carolina,37,2016,1956,10146788,19.27703624,18.422733283,20.131339198,0.435868856
North Carolina,37,2017,2414,10273419,23.497532808,22.560165715,24.4348999,0.478248517
North Carolina,37,2018,2259,10383620,21.75541863,20.85826793,22.652569331,0.457729949
North Carolina,37,2019,2266,10488084,21.605471505,20.715881556,22.495061453,0.453872423
North Dakota,38,1999,12,644259,NA,0.962426602,3.25359832,0.537687733
North Dakota,38,2000,14,642200,NA,1.191831205,3.657679851,0.582631172
North Dakota,38,2001,14,639062,NA,1.19768348,3.675640235,0.585492078
North Dakota,38,2002,17,638168,NA,1.551813942,4.265130812,0.646084671
North Dakota,38,2003,22,638817,3.443865771,2.15823624,5.214047215,0.734234649
North Dakota,38,2004,17,644705,NA,1.536079292,4.221884428,0.639533682
North Dakota,38,2005,12,646089,NA,0.959700599,3.24438274,0.536164772
North Dakota,38,2006,14,649422,NA,1.178577258,3.617004044,0.57615193
North Dakota,38,2007,32,652822,4.901795589,3.352828183,6.919864833,0.866523225
North Dakota,38,2008,46,657569,6.995463594,5.121588761,9.330969069,1.031424837
North Dakota,38,2009,27,664968,4.060345761,2.67580846,5.907600065,0.781413906
North Dakota,38,2010,23,672591,3.419611621,2.167726003,5.131093042,0.713038314
North Dakota,38,2011,16,683932,NA,1.337185568,3.799067744,0.584853465
North Dakota,38,2012,21,699628,3.001595133,1.85804742,4.588268337,0.655001757
North Dakota,38,2013,20,723393,2.764748899,1.68879157,4.269933494,0.618216648
North Dakota,38,2014,43,739482,5.814881228,4.208229544,7.832586865,0.886761074
North Dakota,38,2015,61,756927,8.058901321,6.164414798,10.351981102,1.031836581
North Dakota,38,2016,77,757952,10.158954657,8.017243836,12.696966299,1.157720329
North Dakota,38,2017,68,755393,9.00193674,6.990363956,11.412115283,1.091645177
North Dakota,38,2018,70,760077,9.209593239,7.179338409,11.635768481,1.100756932
North Dakota,38,2019,82,762062,10.760279347,8.557972973,13.356304343,1.188274069
Ohio,39,1999,467,11335454,4.119817345,3.74615822,4.49347647,0.190642411
Ohio,39,2000,563,11353140,4.958980511,4.549348134,5.368612888,0.208996111
Ohio,39,2001,737,11387404,6.472063343,6.004796369,6.939330317,0.238401517
Ohio,39,2002,931,11407889,8.161019098,7.636784566,8.68525363,0.267466598
Ohio,39,2003,775,11434788,6.777563344,6.30038711,7.254739578,0.243457262
Ohio,39,2004,1136,11452251,9.919447277,9.342608591,10.496285964,0.294305452
Ohio,39,2005,1243,11463320,10.843281004,10.240469933,11.446092075,0.307556669
Ohio,39,2006,1515,11481213,13.195469852,12.531001021,13.859938682,0.33901471
Ohio,39,2007,1592,11500468,13.842914914,13.162909941,14.522919888,0.346941313
Ohio,39,2008,1733,11515391,15.049423854,14.340863801,15.757983906,0.361510231
Ohio,39,2009,1236,11528896,10.720887759,10.123195563,11.318579955,0.304944998
Ohio,39,2010,1835,11536504,15.906031845,15.178252233,16.633811456,0.371316128
Ohio,39,2011,2025,11544951,17.540135077,16.776164749,18.304105405,0.38978078
Ohio,39,2012,2125,11544225,18.407472134,17.624816428,19.19012784,0.399314136
Ohio,39,2013,2347,11570808,20.283803862,19.463170953,21.104436771,0.41869026
Ohio,39,2014,2744,11594163,23.667081444,22.781540343,24.552622545,0.451806684
Ohio,39,2015,3310,11613423,28.501502098,27.530523129,29.472481067,0.495397433
Ohio,39,2016,4329,11614373,37.272782612,36.162447446,38.383117778,0.566497534
Ohio,39,2017,5111,11658609,43.838849043,42.636965816,45.04073227,0.613205728
Ohio,39,2018,3980,11689442,34.047818536,32.990017892,35.105619179,0.539694206
Ohio,39,2019,4251,11689100,36.3672139,35.273961222,37.460466578,0.557781978
Oklahoma,40,1999,178,3437147,5.178713625,4.417918071,5.939509179,0.388160997
Oklahoma,40,2000,237,3450654,6.868263234,5.993825621,7.742700846,0.446141639
Oklahoma,40,2001,269,3467100,7.758645554,6.831461736,8.685829372,0.473052968
Oklahoma,40,2002,240,3489080,6.878604102,6.00834061,7.748867593,0.444011985
Oklahoma,40,2003,400,3504892,11.412619847,10.294183102,12.531056592,0.570630992
Oklahoma,40,2004,476,3525233,13.502653584,12.289623083,14.715684084,0.618893112
Oklahoma,40,2005,478,3548597,13.470112272,12.262539427,14.677685118,0.616108595
Oklahoma,40,2006,563,3594090,15.664604949,14.37064355,16.958566347,0.660184387
Oklahoma,40,2007,666,3634349,18.325152593,16.933385523,19.716919662,0.71008524
Oklahoma,40,2008,564,3668976,15.372136531,14.103460448,16.640812613,0.647283715
Oklahoma,40,2009,756,3717572,20.335853616,18.886222239,21.785484993,0.739607845
Oklahoma,40,2010,717,3751351,19.113114182,17.714081217,20.512147147,0.713792329
Oklahoma,40,2011,703,3791508,18.541435228,17.170800419,19.912070038,0.699303474
Oklahoma,40,2012,771,3814820,20.210652141,18.78402918,21.637275102,0.727868858
Oklahoma,40,2013,790,3850568,20.516453676,19.085766055,21.947141298,0.729942664
Oklahoma,40,2014,777,3878051,20.03583759,18.627025517,21.444649662,0.71878167
Oklahoma,40,2015,725,3911338,18.535856528,17.186583846,19.885129209,0.688404429
Oklahoma,40,2016,813,3923561,20.720972606,19.296608782,22.145336431,0.726716237
Oklahoma,40,2017,775,3930864,19.715767322,18.327673235,21.103861409,0.708211269
Oklahoma,40,2018,716,3943079,18.158398551,16.828320569,19.488476533,0.678611215
Oklahoma,40,2019,645,3956971,16.300346907,15.042368863,17.558324951,0.641825533
Oregon,41,1999,210,3393941,6.187497072,5.350620461,7.024373683,0.426977863
Oregon,41,2000,208,3421399,6.079384486,5.253186723,6.905582249,0.421529471
Oregon,41,2001,241,3467937,6.949376531,6.071985091,7.826767972,0.447648694
Oregon,41,2002,318,3513424,9.050999822,8.056192284,10.045807361,0.507554867
Oregon,41,2003,355,3547376,10.007397017,8.966367546,11.048426488,0.531137485
Oregon,41,2004,365,3569463,10.225627776,9.176569489,11.274686064,0.53523382
Oregon,41,2005,386,3613202,10.683045122,9.617289869,11.748800374,0.54375268
Oregon,41,2006,485,3670883,13.212080036,12.036217922,14.387942151,0.59992965
Oregon,41,2007,502,3722417,13.485861471,12.306130701,14.665592241,0.601903454
Oregon,41,2008,452,3768748,11.993372865,10.887696084,13.099049647,0.564120807
Oregon,41,2009,501,3808600,13.154439952,12.002553763,14.306326141,0.587697035
Oregon,41,2010,503,3831074,13.12947753,11.982065172,14.276889888,0.585414468
Oregon,41,2011,532,3871859,13.740169774,12.572574431,14.907765117,0.59571191
Oregon,41,2012,490,3899353,12.566187262,11.453529611,13.678844913,0.567682475
Oregon,41,2013,455,3930065,11.577416659,10.513611636,12.641221681,0.542757664
Oregon,41,2014,522,3970239,13.147823091,12.019912508,14.275733674,0.575464583
Oregon,41,2015,505,4028977,12.534199128,11.440980629,13.627417627,0.557764541
Oregon,41,2016,506,4093465,12.361165907,11.284105036,13.438226778,0.549520852
Oregon,41,2017,530,4142776,12.793354022,11.704166757,13.882541286,0.555707788
Oregon,41,2018,547,4190713,13.052671467,11.958811281,14.146531652,0.558091932
Oregon,41,2019,615,4217737,14.581279013,13.428850132,15.733707894,0.587973919
Pennsylvania,42,1999,990,12263805,8.0725354,7.569673847,8.575396953,0.256562017
Pennsylvania,42,2000,1147,12281054,9.339589257,8.79908124,9.880097273,0.275769396
Pennsylvania,42,2001,958,12298970,7.789270158,7.296016763,8.282523554,0.251659896
Pennsylvania,42,2002,1097,12331031,8.896255309,8.369801836,9.422708783,0.268598711
Pennsylvania,42,2003,1381,12374658,11.159904379,10.571305127,11.74850363,0.300305741
Pennsylvania,42,2004,1544,12410722,12.440855576,11.820297158,13.061413995,0.316611438
Pennsylvania,42,2005,1613,12449990,12.955833699,12.323561259,13.58810614,0.32258798
Pennsylvania,42,2006,1638,12510809,13.092678499,12.458622485,13.726734513,0.323497966
Pennsylvania,42,2007,1733,12563937,13.79344707,13.144021173,14.442872967,0.331339743
Pennsylvania,42,2008,1850,12612285,14.66823815,13.999820115,15.336656186,0.34102961
Pennsylvania,42,2009,1909,12666858,15.070824983,14.394757367,15.746892599,0.344932457
Pennsylvania,42,2010,1916,12702379,15.083788635,14.408376659,15.759200611,0.344597947
Pennsylvania,42,2011,2289,12742886,17.962963806,17.22707674,18.698850872,0.375452585
Pennsylvania,42,2012,2365,12763536,18.52934798,17.782554296,19.276141664,0.381017186
Pennsylvania,42,2013,2426,12773801,18.991997762,18.236242249,19.747753274,0.385589547
Pennsylvania,42,2014,2732,12787209,21.365100078,20.5639375,22.166262656,0.408756417
Pennsylvania,42,2015,3264,12802503,25.49501453,24.620360583,26.369668476,0.446252014
Pennsylvania,42,2016,4627,12784227,36.193036935,35.150164118,37.235909753,0.532077968
Pennsylvania,42,2017,5388,12805537,42.075549038,40.952051643,43.199046432,0.573212956
Pennsylvania,42,2018,4415,12807060,34.47317339,33.456288063,35.490058718,0.518819045
Pennsylvania,42,2019,4377,12801989,34.189999695,33.177098939,35.20290045,0.5167861
Rhode Island,44,1999,58,1040402,5.574768215,4.233144496,7.206670114,0.732002928
Rhode Island,44,2000,74,1048319,7.058920042,5.542805196,8.861838811,0.820582787
Rhode Island,44,2001,110,1057142,10.405413842,8.460863969,12.349963716,0.992117282
Rhode Island,44,2002,99,1065995,9.287097969,7.548088875,11.306670294,0.933388465
Rhode Island,44,2003,146,1071342,13.62776779,11.417197299,15.838338281,1.127842087
Rhode Island,44,2004,106,1074579,9.864328263,7.986436076,11.742220449,0.958108258
Rhode Island,44,2005,156,1067916,14.607890508,12.315538661,16.900242356,1.169567269
Rhode Island,44,2006,175,1063096,16.461354384,14.022405987,18.900302781,1.244361427
Rhode Island,44,2007,135,1057315,12.768191126,10.614325714,14.922056537,1.098910924
Rhode Island,44,2008,185,1055003,17.53549516,15.00859408,20.062396239,1.289235245
Rhode Island,44,2009,161,1053646,15.2802744,12.91993592,17.640612879,1.204254327
Rhode Island,44,2010,167,1052567,15.865973377,13.459591451,18.272355303,1.227745881
Rhode Island,44,2011,190,1051302,18.072827789,15.502991952,20.642663626,1.311140733
Rhode Island,44,2012,196,1050292,18.661476999,16.048870219,21.274083779,1.332962643
Rhode Island,44,2013,241,1051511,22.919398846,20.025717049,25.813080643,1.476368264
Rhode Island,44,2014,247,1055173,23.408483727,20.489169269,26.327798185,1.489446152
Rhode Island,44,2015,310,1056298,29.347778752,26.080768775,32.614788729,1.666841825
Rhode Island,44,2016,326,1056426,30.858763416,27.508910102,34.208616729,1.709108833
Rhode Island,44,2017,320,1059639,30.198963987,26.890144107,33.507783867,1.688173408
Rhode Island,44,2018,317,1057315,29.981604347,26.681092401,33.282116292,1.683934666
Rhode Island,44,2019,307,1059361,28.979734009,25.737970879,32.22149714,1.653960781
South Carolina,45,1999,147,3974682,3.69840908,3.100531386,4.296286774,0.30503964
South Carolina,45,2000,258,4012012,6.430688642,5.645988555,7.215388729,0.400357187
South Carolina,45,2001,242,4064995,5.953266855,5.2031935,6.703340211,0.382690488
South Carolina,45,2002,217,4107795,5.28263947,4.579765959,5.98551298,0.358608934
South Carolina,45,2003,287,4150297,6.915167758,6.115116443,7.715219073,0.408189446
South Carolina,45,2004,356,4210921,8.454207524,7.575986203,9.332428845,0.448072103
South Carolina,45,2005,427,4270150,9.999648724,9.051171563,10.948125886,0.483916919
South Carolina,45,2006,554,4357847,12.712699643,11.654082371,13.771316914,0.540110853
South Carolina,45,2007,545,4444110,12.263422823,11.233820479,13.293025166,0.525307318
South Carolina,45,2008,565,4528996,12.475171098,11.446495688,13.503846507,0.524834393
South Carolina,45,2009,615,4589872,13.399066466,12.34007355,14.458059382,0.540302508
South Carolina,45,2010,678,4625364,14.658305811,13.554926078,15.761685544,0.562948843
South Carolina,45,2011,618,4679230,13.207301201,12.166001087,14.248601316,0.531275569
South Carolina,45,2012,587,4723723,12.426638903,11.421350438,13.431927368,0.512902278
South Carolina,45,2013,620,4774839,12.984731004,11.962631485,14.006830522,0.521479346
South Carolina,45,2014,701,4832482,14.506003333,13.432150332,15.579856335,0.547884184
South Carolina,45,2015,761,4896146,15.542837162,14.438519445,16.64715488,0.563427407
South Carolina,45,2016,879,4961119,17.717776977,16.546469638,18.889084316,0.597605785
South Carolina,45,2017,1008,5024369,20.062220748,18.823695655,21.300745842,0.631900558
South Carolina,45,2018,1125,5084127,22.127692719,20.834640863,23.420744575,0.659720335
South Carolina,45,2019,1127,5148714,21.888961011,20.610995124,23.166926897,0.652023411
South Dakota,46,1999,17,750412,NA,1.319699045,3.627167476,0.549445588
South Dakota,46,2000,20,754844,2.64955408,1.618427119,4.092024312,0.592458303
South Dakota,46,2001,24,757972,3.166343875,2.028739848,4.711266379,0.646327237
South Dakota,46,2002,22,760020,2.894660667,1.814054893,4.382545196,0.617143728
South Dakota,46,2003,24,763729,3.142475931,2.013447178,4.675752787,0.641455213
South Dakota,46,2004,43,770396,5.581545076,4.039364171,7.518285401,0.851177644
South Dakota,46,2005,40,775493,5.158009163,3.684933326,7.023764238,0.815552857
South Dakota,46,2006,37,783033,4.725215923,3.326977279,6.513095872,0.776820713
South Dakota,46,2007,32,791623,4.042328229,2.764952509,5.706554762,0.714589426
South Dakota,46,2008,54,799124,6.757399352,5.076361115,8.816919527,0.919565578
South Dakota,46,2009,49,807067,6.071367061,4.491658066,8.026650823,0.867338152
South Dakota,46,2010,45,814180,5.527033334,4.031473384,7.395612764,0.823921483
South Dakota,46,2011,57,824082,6.916787407,5.238705614,8.9615281,0.916150873
South Dakota,46,2012,42,833354,5.039875011,3.632288319,6.812449451,0.777669598
South Dakota,46,2013,55,844877,6.509823323,4.904110303,8.473446431,0.877784398
South Dakota,46,2014,63,853175,7.384182612,5.674227444,9.447544759,0.930319563
South Dakota,46,2015,65,858469,7.571618777,5.84362394,9.650633861,0.939143725
South Dakota,46,2016,69,865454,7.9726941,6.203234372,10.089922746,0.959799581
South Dakota,46,2017,73,869666,8.394027132,6.579574227,10.554230015,0.982446565
South Dakota,46,2018,57,882235,6.460863602,4.893393484,8.3708241,0.85576229
South Dakota,46,2019,86,884659,9.72125983,7.7757441,12.005658678,1.048270406
Tennessee,47,1999,344,5638706,6.100690478,5.455993192,6.745387763,0.328927186
Tennessee,47,2000,397,5689283,6.978032205,6.291606107,7.664458304,0.350217397
Tennessee,47,2001,424,5750789,7.372901353,6.671104258,8.074698448,0.358059742
Tennessee,47,2002,491,5795918,8.47147941,7.722146883,9.220811937,0.382312514
Tennessee,47,2003,662,5847812,11.320473367,10.45810729,12.182839443,0.439982692
Tennessee,47,2004,763,5910809,12.90855448,11.992605224,13.824503737,0.467321049
Tennessee,47,2005,872,5991057,14.555027602,13.58895256,15.521102644,0.492895429
Tennessee,47,2006,975,6088766,16.013096907,15.00795103,17.018242783,0.512829529
Tennessee,47,2007,985,6175727,15.94953922,14.953477851,16.945600589,0.508194576
Tennessee,47,2008,938,6247411,15.01421949,14.053365468,15.975073513,0.490231644
Tennessee,47,2009,962,6306019,15.255266437,14.291241357,16.219291516,0.49184953
Tennessee,47,2010,1080,6346105,17.018312808,16.003325303,18.033300312,0.517850768
Tennessee,47,2011,1090,6403353,17.022331894,16.011772424,18.032891364,0.515591567
Tennessee,47,2012,1131,6456243,17.517927996,16.496970868,18.538885125,0.520896494
Tennessee,47,2013,1187,6495978,18.272845136,17.233315475,19.312374796,0.530372276
Tennessee,47,2014,1269,6549352,19.375962691,18.30988575,20.442039632,0.543916807
Tennessee,47,2015,1457,6600299,22.074757522,20.941255662,23.208259383,0.578317276
Tennessee,47,2016,1630,6651194,24.506878013,23.317142958,25.696613068,0.607007681
Tennessee,47,2017,1776,6715984,26.444375091,25.214480478,27.674269704,0.627497252
Tennessee,47,2018,1823,6770010,26.927582086,25.691463617,28.163700556,0.630672689
Tennessee,47,2019,2089,6829174,30.589350923,29.277582679000002,31.901119167,0.669269512
Texas,48,1999,1087,20558220,5.287422744,4.973093105,5.601752383,0.16037226500000001
Texas,48,2000,1021,20851820,4.896455082,4.596106922,5.196803241,0.153238857
Texas,48,2001,1374,21319622,6.444767173,6.103990438,6.785543908,0.173865681
Texas,48,2002,1598,21690325,7.367340047,7.006114548,7.728565546,0.184298724
Texas,48,2003,1753,22030931,7.956994645,7.584505022,8.329484269,0.190045726
Texas,48,2004,1813,22394023,8.095910235,7.72324159,8.468578879,0.190137063
Texas,48,2005,1910,22778123,8.385238766,8.009180776,8.761296757,0.191866322
Texas,48,2006,2191,23359580,9.379449459,8.986703044,9.772195875,0.200380824
Texas,48,2007,2194,23831983,9.206116,8.820891231,9.591340768,0.196543249
Texas,48,2008,2053,24309039,8.445418184,8.080090355,8.810746012,0.186391749
Texas,48,2009,2409,24801761,9.713019975,9.3251448280000009,10.100895122,0.197895483
Texas,48,2010,2399,25145561,9.540451295,9.158674202,9.922228387,0.194784231
Texas,48,2011,2589,25674681,10.083864333,9.695430509,10.472298157000001,0.198180522
Texas,48,2012,2447,26059203,9.390156713,9.018097617,9.76221581,0.18982607
Texas,48,2013,2446,26448193,9.24826887,8.881756791,9.61478095,0.186995959
Texas,48,2014,2601,26956958,9.648714814,9.277901461,10.019528168,0.189190487
Texas,48,2015,2588,27469114,9.421490624,9.058501548,9.7844797,0.185198508
Texas,48,2016,2831,27862596,10.160575131,9.786288402,10.534861859,0.190962617
Texas,48,2017,2989,28304596,10.560122462,10.181538625,10.938706299,0.193155019
Texas,48,2018,3005,28701845,10.469710222,10.095368276,10.844052169,0.190990789
Texas,48,2019,3136,28995881,10.815329253,10.436792729,11.193865777,0.193130879
Utah,49,1999,205,2203482,9.303456983,8.029885006,10.577028961,0.649781621
Utah,49,2000,210,2233169,9.403677017,8.131802903,10.67555113,0.648915364
Utah,49,2001,209,2283715,9.151754926,7.91099628,10.392513571,0.633040125
Utah,49,2002,288,2324815,12.388082493,10.95733196,13.818833025,0.729974761
Utah,49,2003,353,2360137,14.956758866,13.396465685,16.517052048,0.79606795
Utah,49,2004,358,2401580,14.906852988,13.362663732,16.451042245,0.787851661
Utah,49,2005,438,2457719,17.821402691,16.152385155,19.490420227,0.851539559
Utah,49,2006,444,2525507,17.580628365,15.945322555,19.215934175,0.834339699
Utah,49,2007,511,2597746,19.67089931,17.965328178,21.376470442,0.870189353
Utah,49,2008,468,2663029,17.573973096,15.981752996,19.166193196,0.812357194
Utah,49,2009,478,2723421,17.551454586,15.977996286,19.124912886,0.802784847
Utah,49,2010,433,2763885,15.666353701,14.190714953,17.141992449,0.752876912
Utah,49,2011,504,2817222,17.889963943,16.328074576,19.45185331,0.79688233
Utah,49,2012,601,2855287,21.048672165,19.365829402,22.731514928,0.858593246
Utah,49,2013,594,2900872,20.476601518,18.82987785,22.123325187,0.840165137
Utah,49,2014,603,2942902,20.489978939,18.854522702,22.125435176,0.834416447
Utah,49,2015,646,2995919,21.562665746,19.899857142,23.225474351,0.848371737
Utah,49,2016,635,3051217,20.811368054,19.192655114,22.430080994,0.825873949
Utah,49,2017,650,3101833,20.955351239,19.344355701,22.566346777,0.821936499
Utah,49,2018,624,3161105,19.739932713,18.191082412,21.288783014,0.790229745
Utah,49,2019,571,3205958,17.81058891,16.349703011,19.271474808,0.745349948
Vermont,50,1999,29,604683,4.795901323,3.211911034,6.887729604,0.890576518
Vermont,50,2000,36,608827,5.913009771,4.141412914,8.186088987,0.985501629
Vermont,50,2001,44,612223,7.186923719,5.222018774,9.648085747,1.083469517
Vermont,50,2002,47,615442,7.636787869,5.611206255,10.155324141,1.113939998
Vermont,50,2003,65,617858,10.520216619,8.119292783,13.408857699,1.304872276
Vermont,50,2004,50,619920,8.065556846,5.986417602,10.633468835,1.140641988
Vermont,50,2005,53,621215,8.53166778,6.390816384,11.15959209,1.171914698
Vermont,50,2006,75,622892,12.040610571,9.470662651,15.093025757,1.390329951
Vermont,50,2007,66,623481,10.585727552,8.187001689,13.467691878,1.303012988
Vermont,50,2008,73,624151,11.695887694,9.16770461,14.705824392,1.368900113
Vermont,50,2009,55,624817,8.802577395,6.631333654,11.45778684,1.186939294
Vermont,50,2010,63,625741,10.068063304,7.736601885,12.881382233,1.268456747
Vermont,50,2011,83,626431,13.24966357,10.553224537,16.424945445,1.454339517
Vermont,50,2012,70,626011,11.181912139,8.716859608,14.127675073,1.336494129
Vermont,50,2013,93,626630,14.841293906,11.97885355,18.181623925,1.538970487
Vermont,50,2014,83,626562,13.246893364,10.551018096,16.421511359,1.454035447
Vermont,50,2015,99,626042,15.813635507,12.852532258,19.252468684,1.589330168
Vermont,50,2016,125,624594,20.013000445,16.504566778,23.521434112,1.790017177
Vermont,50,2017,134,623657,21.486169481,17.848169694,25.124169268,1.85612234
Vermont,50,2018,153,626299,24.429226296,20.558253952,28.30019864,1.97498589
Vermont,50,2019,133,623989,21.3144783,17.692006961,24.936949639,1.848199663
Virginia,51,1999,366,7000174,5.228441465,4.692783238,5.764099691,0.273295013
Virginia,51,2000,411,7078515,5.806302593,5.244951173,6.367654013,0.286403786
Virginia,51,2001,459,7198362,6.376450643,5.793101275,6.95980001,0.297627228
Virginia,51,2002,509,7286873,6.985163595,6.378324206,7.592002983,0.309611933
Virginia,51,2003,547,7366977,7.425026575,6.802783,8.047270149,0.317471211
Virginia,51,2004,558,7475575,7.464308766,6.844969567,8.083647964,0.315989387
Virginia,51,2005,581,7577105,7.667836199,7.044329919,8.291342479,0.318115449
Virginia,51,2006,629,7673725,8.196801423,7.556218786,8.837384059,0.326827876
Virginia,51,2007,700,7751000,9.031092762,8.362060048,9.700125477,0.341343222
Virginia,51,2008,718,7833496,9.165767111,8.495322866,9.836211356,0.342063391
Virginia,51,2009,685,7925937,8.642511289,7.99529306,9.289729519,0.330213382
Virginia,51,2010,558,8001024,6.974107314,6.395441805,7.552772824,0.295237505
Virginia,51,2011,798,8096604,9.855984064,9.172143879,10.53982425,0.348898054
Virginia,51,2012,733,8185867,8.954457726,8.306206458,9.602708993,0.330740443
Virginia,51,2013,854,8260405,10.33847614,9.645076414,11.031875866,0.353775371
Virginia,51,2014,980,8326289,11.769949374,11.033033981,12.506864767,0.375977241
Virginia,51,2015,1039,8382993,12.394141329,11.640499939,13.147782718,0.384510913
Virginia,51,2016,1405,8411808,16.702711236,15.829327939,17.576094534,0.445603723
Virginia,51,2017,1507,8470020,17.79216578,16.893851586,18.690479974,0.458323568
Virginia,51,2018,1448,8517685,16.999924275,16.124298016,17.875550535,0.446748091
Virginia,51,2019,1547,8535519,18.124264031,17.221090306,19.027437757,0.460802921
Washington,53,1999,555,5842564,9.499254095,8.70894117,10.289567019,0.40322088
Washington,53,2000,556,5894121,9.433128366,8.649023011,10.217233722,0.400053753
Washington,53,2001,499,5985722,8.336504769,7.605046083,9.067963455,0.373193207
Washington,53,2002,643,6052349,10.623974262,9.802795715,11.445152808,0.418968646
Washington,53,2003,696,6104115,11.402144291,10.55503785,12.249250733,0.432197164
Washington,53,2004,811,6178645,13.125855264,12.222469474,14.029241055,0.460911118
Washington,53,2005,850,6257305,13.584122877,12.670896998,14.497348756,0.465931571
Washington,53,2006,897,6370753,14.079968255,13.15854,15.00139651,0.470116457
Washington,53,2007,962,6461587,14.887983401,13.947168015,15.828798787,0.48000785
Washington,53,2008,1011,6562231,15.406345799,14.456659582,16.356032016,0.484533784
Washington,53,2009,987,6667426,14.803313902,13.879772343,15.726855462,0.471194673
Washington,53,2010,916,6724540,13.621749592,12.739602053,14.503897131,0.450075275
Washington,53,2011,997,6830038,14.597283353,13.691174173,15.503392534,0.462300602
Washington,53,2012,985,6897012,14.28154685,13.389652926,15.173440773,0.45504792
Washington,53,2013,969,6971406,13.899635167,13.024454765,14.774815569,0.446520613
Washington,53,2014,979,7061530,13.863851035,12.995393458,14.732308612,0.443090601
Washington,53,2015,1094,7170351,15.257272622,14.353156285,16.161388959,0.461283845
Washington,53,2016,1102,7288000,15.120746433,14.22797866,16.013514205,0.455493762
Washington,53,2017,1169,7405743,15.785046821,14.88015911,16.689934532,0.461677404
Washington,53,2018,1164,7535591,15.446698209,14.559306753,16.334089664,0.452750743
Washington,53,2019,1259,7614893,16.533390554,15.620108065,17.446673044,0.465960454
West Virginia,54,1999,75,1811799,4.139532034,3.255990317,5.1889448,0.477991987
West Virginia,54,2000,113,1808344,6.248811067,5.09664722,7.400974914,0.587838697
West Virginia,54,2001,206,1801481,11.435035951,9.873471206,12.996600696,0.796716707
West Virginia,54,2002,229,1805414,12.684071354,11.041224779,14.326917929,0.838187028
West Virginia,54,2003,262,1812295,14.456807529,12.706244207,16.20737085,0.893144552
West Virginia,54,2004,333,1816438,18.33258278,16.363528858,20.301636702,1.004619348
West Virginia,54,2005,184,1820492,10.107157845,8.646743104,11.567572587,0.745109562
West Virginia,54,2006,362,1827912,19.804016824,17.763899833,21.844133814,1.040876015
West Virginia,54,2007,397,1834052,21.646060199,19.516746344,23.775374053,1.08638462
West Virginia,54,2008,459,1840310,24.941450082,22.659682382,27.223217782,1.164167194
West Virginia,54,2009,226,1847775,12.230926384,10.636291707,13.825561061,0.813589121
West Virginia,54,2010,512,1852994,27.63095833,25.237548674,30.024367986,1.221127375
West Virginia,54,2011,635,1855364,34.225090063,31.563054774,36.887125352,1.35818127
West Virginia,54,2012,558,1855413,30.074166776,27.578810416,32.569523136,1.273141
West Virginia,54,2013,570,1854304,30.739296254,28.215742476,33.262850031,1.287527437
West Virginia,54,2014,627,1850326,33.885920643,31.23350494,36.538336346,1.353273318
West Virginia,54,2015,725,1844128,39.313973867,36.452208572,42.175739163,1.460084335
West Virginia,54,2016,884,1831102,48.276939242,45.094430049,51.459448435,1.62372918
West Virginia,54,2017,974,1815857,53.638584977,50.269950375,57.007219578,1.718691123
West Virginia,54,2018,856,1805832,47.401973162,44.226447629,50.577498696,1.620166088
West Virginia,54,2019,870,1792147,48.545124926,45.319290532,51.77095932,1.645833875
Wisconsin,55,1999,212,5332666,3.975497434,3.440342396,4.510652472,0.273038285
Wisconsin,55,2000,248,5363675,4.623695507,4.048229789,5.199161226,0.293604958
Wisconsin,55,2001,269,5406835,4.975184188,4.380633214,5.569735162,0.303342334
Wisconsin,55,2002,340,5445162,6.244075016,5.58035529,6.907794741,0.338632513
Wisconsin,55,2003,383,5479203,6.990067716,6.290003197,7.690132236,0.357175775
Wisconsin,55,2004,437,5514026,7.925243733,7.182176723,8.668310743,0.379115821
Wisconsin,55,2005,518,5546166,9.339785358,8.535466804,10.144103912,0.410366609
Wisconsin,55,2006,593,5577655,10.631708128,9.775987956,11.487428301,0.436591925
Wisconsin,55,2007,622,5610775,11.085812566,10.214591415,11.957033717,0.444500587
Wisconsin,55,2008,606,5640996,10.742783721,9.887448036,11.598119407,0.436395758
Wisconsin,55,2009,631,5669264,11.130192561,10.26174406,11.998641062,0.44308597
Wisconsin,55,2010,630,5686986,11.077924229,10.2128683,11.942980158,0.441355066
Wisconsin,55,2011,698,5711767,12.220386441,11.313791482,13.126981399,0.462548448
Wisconsin,55,2012,692,5726398,12.084385333,11.184001705,12.98476896,0.459379402
Wisconsin,55,2013,856,5742713,14.905846766,13.907282912,15.90441062,0.509471354
Wisconsin,55,2014,853,5757564,14.815293412,13.821052082,15.809534743,0.507265985
Wisconsin,55,2015,878,5771337,15.213112664,14.206814002,16.219411325,0.513417684
Wisconsin,55,2016,1074,5778708,18.585469278,17.473923222,19.697015334,0.567115335
Wisconsin,55,2017,1177,5795483,20.308919895,19.148661641,21.469178149,0.591968497
Wisconsin,55,2018,1079,5813568,18.560030604,17.452580835,19.667480374,0.565025392
Wisconsin,55,2019,1201,5822434,20.627112304,19.460509541,21.793715067,0.595205491
Wyoming,56,1999,20,491780,4.066859165,2.484159584,6.280938631,0.909377355
Wyoming,56,2000,22,493782,4.455407447,2.792159293,6.745531429,0.949896059
Wyoming,56,2001,22,494657,4.447526266,2.787220235,6.733599242,0.948215786
Wyoming,56,2002,34,500017,6.799768808,4.709043893,9.501996932,1.16615073
Wyoming,56,2003,30,503453,5.958848194,4.020434877,8.506613328,1.087931858
Wyoming,56,2004,46,509106,9.035446449,6.615121409,12.052020601,1.332203899
Wyoming,56,2005,26,514157,5.056821165,3.30326729,7.409406076,0.991724223
Wyoming,56,2006,55,522667,10.522952473,7.927361016,13.697095856,1.418914622
Wyoming,56,2007,63,534876,11.778430889,9.050899648,15.069677832,1.483942808
Wyoming,56,2008,74,546043,13.552046267,10.64133777,17.013374405,1.575393379
Wyoming,56,2009,60,559851,10.717137238,8.178354598,13.795099053,1.383576468
Wyoming,56,2010,85,563626,15.080922456,12.046037621,18.647862235,1.635755706
Wyoming,56,2011,85,568158,14.96062715,11.949950542,18.499114683,1.622707848
Wyoming,56,2012,98,576412,17.001727931,13.802852821,20.719665795,1.717433873
Wyoming,56,2013,98,582658,16.819472143,13.65488846,20.497554312,1.699023258
Wyoming,56,2014,109,584153,18.65949503,15.156474287,22.162515772,1.787255481
Wyoming,56,2015,96,586107,16.379261807,13.267202064,20.001863141,1.6717014080000001
Wyoming,56,2016,99,585501,16.908596228,13.742461584,20.585539563,1.699377861
Wyoming,56,2017,69,579315,11.910618575,9.267175889,15.073602444,1.433869978
Wyoming,56,2018,66,577737,11.423883186,8.835231256,14.534035383,1.406182814
Wyoming,56,2019,79,578759,13.649895725,10.806758945,17.011865042,1.535733253
US,99,1999,16849,279040168,6.038198773,5.947023639,6.129373907,0.046517926
US,99,2000,17415,281421906,6.188217629,6.096308234,6.280127025,0.046892549
US,99,2001,19394,284968955,6.805653619,6.709869785,6.901437453,0.048869303
US,99,2002,23518,287625193,8.176613375,8.072110235,8.281116515,0.053317929
US,99,2003,25785,290107933,8.888071323,8.77958374,8.996558907,0.055350808
US,99,2004,27424,292805298,9.365950749,9.255099002,9.476802495,0.056557014
US,99,2005,29813,295516599,10.088434999,9.973916134,10.202953862,0.058427992
US,99,2006,34425,298379912,11.53730483,11.415427351,11.65918231,0.062182387
US,99,2007,36010,301231207,11.954272719,11.83080095,12.077744488,0.062995801
US,99,2008,36450,304093966,11.98642659,11.863372222,12.109480959,0.062782841
US,99,2009,37004,306771529,12.062397094,11.939493281,12.185300907,0.062706027
US,99,2010,38329,308745538,12.414430423,12.290145306,12.53871554,0.063410774
US,99,2011,41340,311591917,13.267353145,13.139457686,13.395248604,0.065252785
US,99,2012,41502,313914040,13.220816756,13.093618884,13.348014628,0.064896873
US,99,2013,43982,316128839,13.912681975,13.782656202,14.042707747,0.06633968
US,99,2014,47055,318857056,14.757396493,14.624055732,14.890737254,0.068031
US,99,2015,52404,321418820,16.303961293,16.164367217,16.443555369,0.071221467
US,99,2016,63632,323127513,19.692535436,19.539525399,19.845545473,0.078066345
US,99,2017,70237,325719178,21.563667338,21.404191197,21.723143479,0.081365378
US,99,2018,67367,327167434,20.590985837,20.43549328,20.746478395,0.079332938
US,99,2019,70630,328239523,21.517823129,21.359129387,21.676516872,0.080966195
